Workbook

Sheet DATA
A1: TS_NAME | B1: SE_NAME | C1: RETAILER_NAME | D1: RETAILER_QR CODE | E1: RETAILER_TYPE | F1: Sellin SP3GB LMTD | G1: OSA KPI LMTD | H1: Sellin SP3GB MTD | I1: OSA KPI MTD | J1: BIO LMTD | K1: BIO MTD | L1: Incremental | M1: Visit 1,5 Jam
A2: CS KOTAMOBAGU | B2: 2613052584 | C2: Putry Yumna cell | D2: 12327959 | E2: Outlet Non-Telco | F2: =_xlfn.IFNA(INDEX('OSA | 3GB'!J:L,MATCH(DATA!D2,'OSA | 3GB'!J:J,0),2),0) -> 3 | G2: =_xlfn.IFNA(INDEX('OSA | 3GB'!J:L,MATCH(DATA!D2,'OSA | 3GB'!J:J,0),3),0) -> 200000 | H2: =_xlfn.IFNA(INDEX('OSA | 3GB'!A:C,MATCH(DATA!D2,'OSA | 3GB'!A:A,0),2),0) -> 3 | I2: =_xlfn.IFNA(INDEX('OSA | 3GB'!A:C,MATCH(DATA!D2,'OSA | 3GB'!A:A,0),3),0) -> 2350000 | J2: =INDEX('BIO WAHYU'!B:G,MATCH(DATA!D2,'BIO WAHYU'!B:B,0),5) -> 3 | K2: =INDEX('BIO WAHYU'!B:G,MATCH(DATA!D2,'BIO WAHYU'!B:B,0),6) -> 3 | L2: =INDEX('BIO WAHYU'!B:H,MATCH(DATA!D2,'BIO WAHYU'!B:B,0),7) -> 0 | M2: =INDEX('BIO WAHYU'!B:H,MATCH(DATA!D2,'BIO WAHYU'!B:B,0),4) -> 0
A3: CS KOTAMOBAGU | B3: 2-0012322582 | C3: Cacha Cell | D3: 12320370 | E3: Outlet Regular | F3: =_xlfn.IFNA(INDEX('OSA | 3GB'!J:L,MATCH(DATA!D3,'OSA | 3GB'!J:J,0),2),0) -> 2 | G3: =_xlfn.IFNA(INDEX('OSA | 3GB'!J:L,MATCH(DATA!D3,'OSA | 3GB'!J:J,0),3),0) -> 1300000 | H3: =_xlfn.IFNA(INDEX('OSA | 3GB'!A:C,MATCH(DATA!D3,'OSA | 3GB'!A:A,0),2),0) -> - | I3: =_xlfn.IFNA(INDEX('OSA | 3GB'!A:C,MATCH(DATA!D3,'OSA | 3GB'!A:A,0),3),0) -> 400000 | J3: =INDEX('BIO WAHYU'!B:G,MATCH(DATA!D3,'BIO WAHYU'!B:B,0),5) -> 3 | K3: =INDEX('BIO WAHYU'!B:G,MATCH(DATA!D3,'BIO WAHYU'!B:B,0),6) -> 0 | L3: =INDEX('BIO WAHYU'!B:H,MATCH(DATA!D3,'BIO WAHYU'!B:B,0),7) -> 0 | M3: =INDEX('BIO WAHYU'!B:H,MATCH(DATA!D3,'BIO WAHYU'!B:B,0),4) -> 0
A4: CS BITUNG | B4: 2613050886 | C4: AW Cell | D4: 12322404 | E4: Outlet Non-Telco | F4: =_xlfn.IFNA(INDEX('OSA | 3GB'!J:L,MATCH(DATA!D4,'OSA | 3GB'!J:J,0),2),0) -> 23 | G4: =_xlfn.IFNA(INDEX('OSA | 3GB'!J:L,MATCH(DATA!D4,'OSA | 3GB'!J:J,0),3),0) -> 0 | H4: =_xlfn.IFNA(INDEX('OSA | 3GB'!A:C,MATCH(DATA!D4,'OSA | 3GB'!A:A,0),2),0) -> - | I4: =_xlfn.IFNA(INDEX('OSA | 3GB'!A:C,MATCH(DATA!D4,'OSA | 3GB'!A:A,0),3),0) -> - | J4: =INDEX('BIO WAHYU'!B:G,MATCH(DATA!D4,'BIO WAHYU'!B:B,0),5) -> 15 | K4: =INDEX('BIO WAHYU'!B:G,MATCH(DATA!D4,'BIO WAHYU'!B:B,0),6) -> 2 | L4: =INDEX('BIO WAHYU'!B:H,MATCH(DATA!D4,'BIO WAHYU'!B:B,0),7) -> 0 | M4: =INDEX('BIO WAHYU'!B:H,MATCH(DATA!D4,'BIO WAHYU'!B:B,0),4) -> 0
A5: CS BITUNG | B5: 1-181212542181 | C5: dewi ling cell | D5: 188148 | E5: Outlet Regular | F5: =_xlfn.IFNA(INDEX('OSA | 3GB'!J:L,MATCH(DATA!D5,'OSA | 3GB'!J:J,0),2),0) -> 4 | G5: =_xlfn.IFNA(INDEX('OSA | 3GB'!J:L,MATCH(DATA!D5,'OSA | 3GB'!J:J,0),3),0) -> 8037000 | H5: =_xlfn.IFNA(INDEX('OSA | 3GB'!A:C,MATCH(DATA!D5,'OSA | 3GB'!A:A,0),2),0) -> 33 | I5: =_xlfn.IFNA(INDEX('OSA | 3GB'!A:C,MATCH(DATA!D5,'OSA | 3GB'!A:A,0),3),0) -> 2537000 | J5: =INDEX('BIO WAHYU'!B:G,MATCH(DATA!D5,'BIO WAHYU'!B:B,0),5) -> 5 | K5: =INDEX('BIO WAHYU'!B:G,MATCH(DATA!D5,'BIO WAHYU'!B:B,0),6) -> 3 | L5: =INDEX('BIO WAHYU'!B:H,MATCH(DATA!D5,'BIO WAHYU'!B:B,0),7) -> 0 | M5: =INDEX('BIO WAHYU'!B:H,MATCH(DATA!D5,'BIO WAHYU'!B:B,0),4) -> 0
A6: CS TOMOHON | B6: 1-28825219555 | C6: Rerewokan Cell | D6: 531889 | E6: Outlet Regular | F6: =_xlfn.IFNA(INDEX('OSA | 3GB'!J:L,MATCH(DATA!D6,'OSA | 3GB'!J:J,0),2),0) -> 5 | G6: =_xlfn.IFNA(INDEX('OSA | 3GB'!J:L,MATCH(DATA!D6,'OSA | 3GB'!J:J,0),3),0) -> 9120250 | H6: =_xlfn.IFNA(INDEX('OSA | 3GB'!A:C,MATCH(DATA!D6,'OSA | 3GB'!A:A,0),2),0) -> - | I6: =_xlfn.IFNA(INDEX('OSA | 3GB'!A:C,MATCH(DATA!D6,'OSA | 3GB'!A:A,0),3),0) -> - | J6: =INDEX('BIO WAHYU'!B:G,MATCH(DATA!D6,'BIO WAHYU'!B:B,0),5) -> 3 | K6: =INDEX('BIO WAHYU'!B:G,MATCH(DATA!D6,'BIO WAHYU'!B:B,0),6) -> 5 | L6: =INDEX('BIO WAHYU'!B:H,MATCH(DATA!D6,'BIO WAHYU'!B:B,0),7) -> 2 | M6: =INDEX('BIO WAHYU'!B:H,MATCH(DATA!D6,'BIO WAHYU'!B:B,0),4) -> 0
A7: CS AMURANG | B7: 2-0012322492 | C7: samuel cell | D7: 61982 | E7: Outlet Regular | F7: =_xlfn.IFNA(INDEX('OSA | 3GB'!J:L,MATCH(DATA!D7,'OSA | 3GB'!J:J,0),2),0) -> 3 | G7: =_xlfn.IFNA(INDEX('OSA | 3GB'!J:L,MATCH(DATA!D7,'OSA | 3GB'!J:J,0),3),0) -> 1915000 | H7: =_xlfn.IFNA(INDEX('OSA | 3GB'!A:C,MATCH(DATA!D7,'OSA | 3GB'!A:A,0),2),0) -> - | I7: =_xlfn.IFNA(INDEX('OSA | 3GB'!A:C,MATCH(DATA!D7,'OSA | 3GB'!A:A,0),3),0) -> - | J7: =INDEX('BIO WAHYU'!B:G,MATCH(DATA!D7,'BIO WAHYU'!B:B,0),5) -> 1 | K7: =INDEX('BIO WAHYU'!B:G,MATCH(DATA!D7,'BIO WAHYU'!B:B,0),6) -> 0 | L7: =INDEX('BIO WAHYU'!B:H,MATCH(DATA!D7,'BIO WAHYU'!B:B,0),7) -> 0 | M7: =INDEX('BIO WAHYU'!B:H,MATCH(DATA!D7,'BIO WAHYU'!B:B,0),4) -> 0
A8: CS NORTH MINAHASA | B8: 1-179957288290 | C8: QALBI CELL | D8: 116871 | E8: Outlet KRO | F8: =_xlfn.IFNA(INDEX('OSA | 3GB'!J:L,MATCH(DATA!D8,'OSA | 3GB'!J:J,0),2),0) -> 58 | G8: =_xlfn.IFNA(INDEX('OSA | 3GB'!J:L,MATCH(DATA!D8,'OSA | 3GB'!J:J,0),3),0) -> 38058000 | H8: =_xlfn.IFNA(INDEX('OSA | 3GB'!A:C,MATCH(DATA!D8,'OSA | 3GB'!A:A,0),2),0) -> 3 | I8: =_xlfn.IFNA(INDEX('OSA | 3GB'!A:C,MATCH(DATA!D8,'OSA | 3GB'!A:A,0),3),0) -> 13029000 | J8: =INDEX('BIO WAHYU'!B:G,MATCH(DATA!D8,'BIO WAHYU'!B:B,0),5) -> 12 | K8: =INDEX('BIO WAHYU'!B:G,MATCH(DATA!D8,'BIO WAHYU'!B:B,0),6) -> 20 | L8: =INDEX('BIO WAHYU'!B:H,MATCH(DATA!D8,'BIO WAHYU'!B:B,0),7) -> 8 | M8: =INDEX('BIO WAHYU'!B:H,MATCH(DATA!D8,'BIO WAHYU'!B:B,0),4) -> 1
A9: CS TOMOHON | B9: 2613051475 | C9: Yansen Cell | D9: 402240 | E9: Outlet Regular | F9: =_xlfn.IFNA(INDEX('OSA | 3GB'!J:L,MATCH(DATA!D9,'OSA | 3GB'!J:J,0),2),0) -> 1 | G9: =_xlfn.IFNA(INDEX('OSA | 3GB'!J:L,MATCH(DATA!D9,'OSA | 3GB'!J:J,0),3),0) -> 7404000 | H9: =_xlfn.IFNA(INDEX('OSA | 3GB'!A:C,MATCH(DATA!D9,'OSA | 3GB'!A:A,0),2),0) -> 2 | I9: =_xlfn.IFNA(INDEX('OSA | 3GB'!A:C,MATCH(DATA!D9,'OSA | 3GB'!A:A,0),3),0) -> 3300000 | J9: =INDEX('BIO WAHYU'!B:G,MATCH(DATA!D9,'BIO WAHYU'!B:B,0),5) -> 7 | K9: =INDEX('BIO WAHYU'!B:G,MATCH(DATA!D9,'BIO WAHYU'!B:B,0),6) -> 1 | L9: =INDEX('BIO WAHYU'!B:H,MATCH(DATA!D9,'BIO WAHYU'!B:B,0),7) -> 0 | M9: =INDEX('BIO WAHYU'!B:H,MATCH(DATA!D9,'BIO WAHYU'!B:B,0),4) -> 0
A10: CS BITUNG | B10: 2613050886 | C10: olive cell | D10: 127206 | E10: Outlet Non-Telco | F10: =_xlfn.IFNA(INDEX('OSA | 3GB'!J:L,MATCH(DATA!D10,'OSA | 3GB'!J:J,0),2),0) -> 4 | G10: =_xlfn.IFNA(INDEX('OSA | 3GB'!J:L,MATCH(DATA!D10,'OSA | 3GB'!J:J,0),3),0) -> 12000000 | H10: =_xlfn.IFNA(INDEX('OSA | 3GB'!A:C,MATCH(DATA!D10,'OSA | 3GB'!A:A,0),2),0) -> - | I10: =_xlfn.IFNA(INDEX('OSA | 3GB'!A:C,MATCH(DATA!D10,'OSA | 3GB'!A:A,0),3),0) -> 3000000 | J10: =INDEX('BIO WAHYU'!B:G,MATCH(DATA!D10,'BIO WAHYU'!B:B,0),5) -> 3 | K10: =INDEX('BIO WAHYU'!B:G,MATCH(DATA!D10,'BIO WAHYU'!B:B,0),6) -> 1 | L10: =INDEX('BIO WAHYU'!B:H,MATCH(DATA!D10,'BIO WAHYU'!B:B,0),7) -> 0 | M10: =INDEX('BIO WAHYU'!B:H,MATCH(DATA!D10,'BIO WAHYU'!B:B,0),4) -> 0
A11: CS KOTAMOBAGU | B11: 1-136038373036 | C11: andika cell | D11: 12320892 | E11: Outlet Non-Telco | F11: =_xlfn.IFNA(INDEX('OSA | 3GB'!J:L,MATCH(DATA!D11,'OSA | 3GB'!J:J,0),2),0) -> 6 | G11: =_xlfn.IFNA(INDEX('OSA | 3GB'!J:L,MATCH(DATA!D11,'OSA | 3GB'!J:J,0),3),0) -> 1100000 | H11: =_xlfn.IFNA(INDEX('OSA | 3GB'!A:C,MATCH(DATA!D11,'OSA | 3GB'!A:A,0),2),0) -> 6 | I11: =_xlfn.IFNA(INDEX('OSA | 3GB'!A:C,MATCH(DATA!D11,'OSA | 3GB'!A:A,0),3),0) -> 1000000 | J11: =INDEX('BIO WAHYU'!B:G,MATCH(DATA!D11,'BIO WAHYU'!B:B,0),5) -> 3 | K11: =INDEX('BIO WAHYU'!B:G,MATCH(DATA!D11,'BIO WAHYU'!B:B,0),6) -> 1 | L11: =INDEX('BIO WAHYU'!B:H,MATCH(DATA!D11,'BIO WAHYU'!B:B,0),7) -> 0 | M11: =INDEX('BIO WAHYU'!B:H,MATCH(DATA!D11,'BIO WAHYU'!B:B,0),4) -> 0
A12: CS KOTAMOBAGU | B12: 2613051412 | C12: dans cell | D12: 545720 | E12: Outlet Regular | F12: =_xlfn.IFNA(INDEX('OSA | 3GB'!J:L,MATCH(DATA!D12,'OSA | 3GB'!J:J,0),2),0) -> 0 | G12: =_xlfn.IFNA(INDEX('OSA | 3GB'!J:L,MATCH(DATA!D12,'OSA | 3GB'!J:J,0),3),0) -> 829000 | H12: =_xlfn.IFNA(INDEX('OSA | 3GB'!A:C,MATCH(DATA!D12,'OSA | 3GB'!A:A,0),2),0) -> 3 | I12: =_xlfn.IFNA(INDEX('OSA | 3GB'!A:C,MATCH(DATA!D12,'OSA | 3GB'!A:A,0),3),0) -> 650000 | J12: =INDEX('BIO WAHYU'!B:G,MATCH(DATA!D12,'BIO WAHYU'!B:B,0),5) -> 1 | K12: =INDEX('BIO WAHYU'!B:G,MATCH(DATA!D12,'BIO WAHYU'!B:B,0),6) -> 0 | L12: =INDEX('BIO WAHYU'!B:H,MATCH(DATA!D12,'BIO WAHYU'!B:B,0),7) -> 0 | M12: =INDEX('BIO WAHYU'!B:H,MATCH(DATA!D12,'BIO WAHYU'!B:B,0),4) -> 0
A13: CS TOMOHON | B13: 1-28825219551 | C13: Kios Amoi | D13: 479396 | E13: Outlet Regular | F13: =_xlfn.IFNA(INDEX('OSA | 3GB'!J:L,MATCH(DATA!D13,'OSA | 3GB'!J:J,0),2),0) -> 0 | G13: =_xlfn.IFNA(INDEX('OSA | 3GB'!J:L,MATCH(DATA!D13,'OSA | 3GB'!J:J,0),3),0) -> 8000000 | H13: =_xlfn.IFNA(INDEX('OSA | 3GB'!A:C,MATCH(DATA!D13,'OSA | 3GB'!A:A,0),2),0) -> - | I13: =_xlfn.IFNA(INDEX('OSA | 3GB'!A:C,MATCH(DATA!D13,'OSA | 3GB'!A:A,0),3),0) -> 4000000 | J13: =INDEX('BIO WAHYU'!B:G,MATCH(DATA!D13,'BIO WAHYU'!B:B,0),5) -> 0 | K13: =INDEX('BIO WAHYU'!B:G,MATCH(DATA!D13,'BIO WAHYU'!B:B,0),6) -> 0 | L13: =INDEX('BIO WAHYU'!B:H,MATCH(DATA!D13,'BIO WAHYU'!B:B,0),7) -> 0 | M13: =INDEX('BIO WAHYU'!B:H,MATCH(DATA!D13,'BIO WAHYU'!B:B,0),4) -> 0
A14: CS AMURANG | B14: 2-0012322600 | C14: FISYA CELL | D14: 329512 | E14: Outlet Non-Telco | F14: =_xlfn.IFNA(INDEX('OSA | 3GB'!J:L,MATCH(DATA!D14,'OSA | 3GB'!J:J,0),2),0) -> 0 | G14: =_xlfn.IFNA(INDEX('OSA | 3GB'!J:L,MATCH(DATA!D14,'OSA | 3GB'!J:J,0),3),0) -> 4000000 | H14: =_xlfn.IFNA(INDEX('OSA | 3GB'!A:C,MATCH(DATA!D14,'OSA | 3GB'!A:A,0),2),0) -> - | I14: =_xlfn.IFNA(INDEX('OSA | 3GB'!A:C,MATCH(DATA!D14,'OSA | 3GB'!A:A,0),3),0) -> 2000000 | J14: =INDEX('BIO WAHYU'!B:G,MATCH(DATA!D14,'BIO WAHYU'!B:B,0),5) -> 0 | K14: =INDEX('BIO WAHYU'!B:G,MATCH(DATA!D14,'BIO WAHYU'!B:B,0),6) -> 0 | L14: =INDEX('BIO WAHYU'!B:H,MATCH(DATA!D14,'BIO WAHYU'!B:B,0),7) -> 0 | M14: =INDEX('BIO WAHYU'!B:H,MATCH(DATA!D14,'BIO WAHYU'!B:B,0),4) -> 0
A15: CS TOMOHON | B15: 1-136038372880 | C15: GodSpeed | D15: 12300128 | E15: Outlet Regular | F15: =_xlfn.IFNA(INDEX('OSA | 3GB'!J:L,MATCH(DATA!D15,'OSA | 3GB'!J:J,0),2),0) -> 0 | G15: =_xlfn.IFNA(INDEX('OSA | 3GB'!J:L,MATCH(DATA!D15,'OSA | 3GB'!J:J,0),3),0) -> 100000 | H15: =_xlfn.IFNA(INDEX('OSA | 3GB'!A:C,MATCH(DATA!D15,'OSA | 3GB'!A:A,0),2),0) -> 4 | I15: =_xlfn.IFNA(INDEX('OSA | 3GB'!A:C,MATCH(DATA!D15,'OSA | 3GB'!A:A,0),3),0) -> 116000 | J15: =INDEX('BIO WAHYU'!B:G,MATCH(DATA!D15,'BIO WAHYU'!B:B,0),5) -> 0 | K15: =INDEX('BIO WAHYU'!B:G,MATCH(DATA!D15,'BIO WAHYU'!B:B,0),6) -> 0 | L15: =INDEX('BIO WAHYU'!B:H,MATCH(DATA!D15,'BIO WAHYU'!B:B,0),7) -> 0 | M15: =INDEX('BIO WAHYU'!B:H,MATCH(DATA!D15,'BIO WAHYU'!B:B,0),4) -> 0
A16: CS TOMOHON | B16: 2613051475 | C16: Veinshi Cell | D16: 114982 | E16: Outlet Regular | F16: =_xlfn.IFNA(INDEX('OSA | 3GB'!J:L,MATCH(DATA!D16,'OSA | 3GB'!J:J,0),2),0) -> 3 | G16: =_xlfn.IFNA(INDEX('OSA | 3GB'!J:L,MATCH(DATA!D16,'OSA | 3GB'!J:J,0),3),0) -> 350000 | H16: =_xlfn.IFNA(INDEX('OSA | 3GB'!A:C,MATCH(DATA!D16,'OSA | 3GB'!A:A,0),2),0) -> - | I16: =_xlfn.IFNA(INDEX('OSA | 3GB'!A:C,MATCH(DATA!D16,'OSA | 3GB'!A:A,0),3),0) -> 200000 | J16: =INDEX('BIO WAHYU'!B:G,MATCH(DATA!D16,'BIO WAHYU'!B:B,0),5) -> 4 | K16: =INDEX('BIO WAHYU'!B:G,MATCH(DATA!D16,'BIO WAHYU'!B:B,0),6) -> 0 | L16: =INDEX('BIO WAHYU'!B:H,MATCH(DATA!D16,'BIO WAHYU'!B:B,0),7) -> 0 | M16: =INDEX('BIO WAHYU'!B:H,MATCH(DATA!D16,'BIO WAHYU'!B:B,0),4) -> 0
A17: CS AMURANG | B17: 2-0012322602 | C17: ramadhan cell | D17: 199056 | E17: Outlet KRO | F17: =_xlfn.IFNA(INDEX('OSA | 3GB'!J:L,MATCH(DATA!D17,'OSA | 3GB'!J:J,0),2),0) -> 13 | G17: =_xlfn.IFNA(INDEX('OSA | 3GB'!J:L,MATCH(DATA!D17,'OSA | 3GB'!J:J,0),3),0) -> 6500000 | H17: =_xlfn.IFNA(INDEX('OSA | 3GB'!A:C,MATCH(DATA!D17,'OSA | 3GB'!A:A,0),2),0) -> 2 | I17: =_xlfn.IFNA(INDEX('OSA | 3GB'!A:C,MATCH(DATA!D17,'OSA | 3GB'!A:A,0),3),0) -> 2500000 | J17: =INDEX('BIO WAHYU'!B:G,MATCH(DATA!D17,'BIO WAHYU'!B:B,0),5) -> 13 | K17: =INDEX('BIO WAHYU'!B:G,MATCH(DATA!D17,'BIO WAHYU'!B:B,0),6) -> 7 | L17: =INDEX('BIO WAHYU'!B:H,MATCH(DATA!D17,'BIO WAHYU'!B:B,0),7) -> 0 | M17: =INDEX('BIO WAHYU'!B:H,MATCH(DATA!D17,'BIO WAHYU'!B:B,0),4) -> 0
A18: CS KOTAMOBAGU | B18: 1-136038373036 | C18: in cell | D18: 440364 | E18: Outlet Regular | F18: =_xlfn.IFNA(INDEX('OSA | 3GB'!J:L,MATCH(DATA!D18,'OSA | 3GB'!J:J,0),2),0) -> 6 | G18: =_xlfn.IFNA(INDEX('OSA | 3GB'!J:L,MATCH(DATA!D18,'OSA | 3GB'!J:J,0),3),0) -> 800000 | H18: =_xlfn.IFNA(INDEX('OSA | 3GB'!A:C,MATCH(DATA!D18,'OSA | 3GB'!A:A,0),2),0) -> - | I18: =_xlfn.IFNA(INDEX('OSA | 3GB'!A:C,MATCH(DATA!D18,'OSA | 3GB'!A:A,0),3),0) -> 400000 | J18: =INDEX('BIO WAHYU'!B:G,MATCH(DATA!D18,'BIO WAHYU'!B:B,0),5) -> 4 | K18: =INDEX('BIO WAHYU'!B:G,MATCH(DATA!D18,'BIO WAHYU'!B:B,0),6) -> 0 | L18: =INDEX('BIO WAHYU'!B:H,MATCH(DATA!D18,'BIO WAHYU'!B:B,0),7) -> 0 | M18: =INDEX('BIO WAHYU'!B:H,MATCH(DATA!D18,'BIO WAHYU'!B:B,0),4) -> 0
A19: CS NORTH MINAHASA | B19: 1-179957288290 | C19: KLABAT CELL | D19: 228872 | E19: Outlet Regular | F19: =_xlfn.IFNA(INDEX('OSA | 3GB'!J:L,MATCH(DATA!D19,'OSA | 3GB'!J:J,0),2),0) -> 3 | G19: =_xlfn.IFNA(INDEX('OSA | 3GB'!J:L,MATCH(DATA!D19,'OSA | 3GB'!J:J,0),3),0) -> 6000000 | H19: =_xlfn.IFNA(INDEX('OSA | 3GB'!A:C,MATCH(DATA!D19,'OSA | 3GB'!A:A,0),2),0) -> - | I19: =_xlfn.IFNA(INDEX('OSA | 3GB'!A:C,MATCH(DATA!D19,'OSA | 3GB'!A:A,0),3),0) -> 2000000 | J19: =INDEX('BIO WAHYU'!B:G,MATCH(DATA!D19,'BIO WAHYU'!B:B,0),5) -> 1 | K19: =INDEX('BIO WAHYU'!B:G,MATCH(DATA!D19,'BIO WAHYU'!B:B,0),6) -> 0 | L19: =INDEX('BIO WAHYU'!B:H,MATCH(DATA!D19,'BIO WAHYU'!B:B,0),7) -> 0 | M19: =INDEX('BIO WAHYU'!B:H,MATCH(DATA!D19,'BIO WAHYU'!B:B,0),4) -> 1
A20: CS NORTH MINAHASA | B20: 1-179957290903 | C20: Bintang cell | D20: 12320853 | E20: Outlet Regular | F20: =_xlfn.IFNA(INDEX('OSA | 3GB'!J:L,MATCH(DATA!D20,'OSA | 3GB'!J:J,0),2),0) -> 0 | G20: =_xlfn.IFNA(INDEX('OSA | 3GB'!J:L,MATCH(DATA!D20,'OSA | 3GB'!J:J,0),3),0) -> 0 | H20: =_xlfn.IFNA(INDEX('OSA | 3GB'!A:C,MATCH(DATA!D20,'OSA | 3GB'!A:A,0),2),0) -> - | I20: =_xlfn.IFNA(INDEX('OSA | 3GB'!A:C,MATCH(DATA!D20,'OSA | 3GB'!A:A,0),3),0) -> - | J20: =INDEX('BIO WAHYU'!B:G,MATCH(DATA!D20,'BIO WAHYU'!B:B,0),5) -> 3 | K20: =INDEX('BIO WAHYU'!B:G,MATCH(DATA!D20,'BIO WAHYU'!B:B,0),6) -> 0 | L20: =INDEX('BIO WAHYU'!B:H,MATCH(DATA!D20,'BIO WAHYU'!B:B,0),7) -> 0 | M20: =INDEX('BIO WAHYU'!B:H,MATCH(DATA!D20,'BIO WAHYU'!B:B,0),4) -> 0
A21: CS TOMOHON | B21: 1-136038372906 | C21: Smile Cell | D21: 61673 | E21: Outlet Regular | F21: =_xlfn.IFNA(INDEX('OSA | 3GB'!J:L,MATCH(DATA!D21,'OSA | 3GB'!J:J,0),2),0) -> 4 | G21: =_xlfn.IFNA(INDEX('OSA | 3GB'!J:L,MATCH(DATA!D21,'OSA | 3GB'!J:J,0),3),0) -> 953000 | H21: =_xlfn.IFNA(INDEX('OSA | 3GB'!A:C,MATCH(DATA!D21,'OSA | 3GB'!A:A,0),2),0) -> 3 | I21: =_xlfn.IFNA(INDEX('OSA | 3GB'!A:C,MATCH(DATA!D21,'OSA | 3GB'!A:A,0),3),0) -> 350000 | J21: =INDEX('BIO WAHYU'!B:G,MATCH(DATA!D21,'BIO WAHYU'!B:B,0),5) -> 3 | K21: =INDEX('BIO WAHYU'!B:G,MATCH(DATA!D21,'BIO WAHYU'!B:B,0),6) -> 0 | L21: =INDEX('BIO WAHYU'!B:H,MATCH(DATA!D21,'BIO WAHYU'!B:B,0),7) -> 0 | M21: =INDEX('BIO WAHYU'!B:H,MATCH(DATA!D21,'BIO WAHYU'!B:B,0),4) -> 0
A22: CS KOTAMOBAGU | B22: 2-0012322596 | C22: mey cell | D22: 439681 | E22: Outlet Non-Telco | F22: =_xlfn.IFNA(INDEX('OSA | 3GB'!J:L,MATCH(DATA!D22,'OSA | 3GB'!J:J,0),2),0) -> 38 | G22: =_xlfn.IFNA(INDEX('OSA | 3GB'!J:L,MATCH(DATA!D22,'OSA | 3GB'!J:J,0),3),0) -> 9382750 | H22: =_xlfn.IFNA(INDEX('OSA | 3GB'!A:C,MATCH(DATA!D22,'OSA | 3GB'!A:A,0),2),0) -> 3 | I22: =_xlfn.IFNA(INDEX('OSA | 3GB'!A:C,MATCH(DATA!D22,'OSA | 3GB'!A:A,0),3),0) -> 986000 | J22: =INDEX('BIO WAHYU'!B:G,MATCH(DATA!D22,'BIO WAHYU'!B:B,0),5) -> 8 | K22: =INDEX('BIO WAHYU'!B:G,MATCH(DATA!D22,'BIO WAHYU'!B:B,0),6) -> 88 | L22: =INDEX('BIO WAHYU'!B:H,MATCH(DATA!D22,'BIO WAHYU'!B:B,0),7) -> 80 | M22: =INDEX('BIO WAHYU'!B:H,MATCH(DATA!D22,'BIO WAHYU'!B:B,0),4) -> 0
A23: CS AMURANG | B23: 2-0012322591 | C23: Putri Cell | D23: 405102 | E23: Outlet Non-Telco | F23: =_xlfn.IFNA(INDEX('OSA | 3GB'!J:L,MATCH(DATA!D23,'OSA | 3GB'!J:J,0),2),0) -> 3 | G23: =_xlfn.IFNA(INDEX('OSA | 3GB'!J:L,MATCH(DATA!D23,'OSA | 3GB'!J:J,0),3),0) -> 800000 | H23: =_xlfn.IFNA(INDEX('OSA | 3GB'!A:C,MATCH(DATA!D23,'OSA | 3GB'!A:A,0),2),0) -> - | I23: =_xlfn.IFNA(INDEX('OSA | 3GB'!A:C,MATCH(DATA!D23,'OSA | 3GB'!A:A,0),3),0) -> - | J23: =INDEX('BIO WAHYU'!B:G,MATCH(DATA!D23,'BIO WAHYU'!B:B,0),5) -> 0 | K23: =INDEX('BIO WAHYU'!B:G,MATCH(DATA!D23,'BIO WAHYU'!B:B,0),6) -> 1 | L23: =INDEX('BIO WAHYU'!B:H,MATCH(DATA!D23,'BIO WAHYU'!B:B,0),7) -> 1 | M23: =INDEX('BIO WAHYU'!B:H,MATCH(DATA!D23,'BIO WAHYU'!B:B,0),4) -> 0
A24: CS NORTH MINAHASA | B24: 1-179956096674 | C24: TRIPLE M CELL | D24: 12326118 | E24: Outlet Non-Telco | F24: =_xlfn.IFNA(INDEX('OSA | 3GB'!J:L,MATCH(DATA!D24,'OSA | 3GB'!J:J,0),2),0) -> 18 | G24: =_xlfn.IFNA(INDEX('OSA | 3GB'!J:L,MATCH(DATA!D24,'OSA | 3GB'!J:J,0),3),0) -> 16184800 | H24: =_xlfn.IFNA(INDEX('OSA | 3GB'!A:C,MATCH(DATA!D24,'OSA | 3GB'!A:A,0),2),0) -> 3 | I24: =_xlfn.IFNA(INDEX('OSA | 3GB'!A:C,MATCH(DATA!D24,'OSA | 3GB'!A:A,0),3),0) -> 911500 | J24: =INDEX('BIO WAHYU'!B:G,MATCH(DATA!D24,'BIO WAHYU'!B:B,0),5) -> 12 | K24: =INDEX('BIO WAHYU'!B:G,MATCH(DATA!D24,'BIO WAHYU'!B:B,0),6) -> 4 | L24: =INDEX('BIO WAHYU'!B:H,MATCH(DATA!D24,'BIO WAHYU'!B:B,0),7) -> 0 | M24: =INDEX('BIO WAHYU'!B:H,MATCH(DATA!D24,'BIO WAHYU'!B:B,0),4) -> 0
A25: CS TOMOHON | B25: 1-28825219551 | C25: 2L cell | D25: 522705 | E25: Outlet Non-Telco | F25: =_xlfn.IFNA(INDEX('OSA | 3GB'!J:L,MATCH(DATA!D25,'OSA | 3GB'!J:J,0),2),0) -> 0 | G25: =_xlfn.IFNA(INDEX('OSA | 3GB'!J:L,MATCH(DATA!D25,'OSA | 3GB'!J:J,0),3),0) -> 0 | H25: =_xlfn.IFNA(INDEX('OSA | 3GB'!A:C,MATCH(DATA!D25,'OSA | 3GB'!A:A,0),2),0) -> - | I25: =_xlfn.IFNA(INDEX('OSA | 3GB'!A:C,MATCH(DATA!D25,'OSA | 3GB'!A:A,0),3),0) -> - | J25: =INDEX('BIO WAHYU'!B:G,MATCH(DATA!D25,'BIO WAHYU'!B:B,0),5) -> 0 | K25: =INDEX('BIO WAHYU'!B:G,MATCH(DATA!D25,'BIO WAHYU'!B:B,0),6) -> 0 | L25: =INDEX('BIO WAHYU'!B:H,MATCH(DATA!D25,'BIO WAHYU'!B:B,0),7) -> 0 | M25: =INDEX('BIO WAHYU'!B:H,MATCH(DATA!D25,'BIO WAHYU'!B:B,0),4) -> 0
A26: CS AMURANG | B26: 2-0012322602 | C26: SEAN CELL | D26: 534103 | E26: Outlet Regular | F26: =_xlfn.IFNA(INDEX('OSA | 3GB'!J:L,MATCH(DATA!D26,'OSA | 3GB'!J:J,0),2),0) -> 3 | G26: =_xlfn.IFNA(INDEX('OSA | 3GB'!J:L,MATCH(DATA!D26,'OSA | 3GB'!J:J,0),3),0) -> 1950000 | H26: =_xlfn.IFNA(INDEX('OSA | 3GB'!A:C,MATCH(DATA!D26,'OSA | 3GB'!A:A,0),2),0) -> - | I26: =_xlfn.IFNA(INDEX('OSA | 3GB'!A:C,MATCH(DATA!D26,'OSA | 3GB'!A:A,0),3),0) -> 1000000 | J26: =INDEX('BIO WAHYU'!B:G,MATCH(DATA!D26,'BIO WAHYU'!B:B,0),5) -> 4 | K26: =INDEX('BIO WAHYU'!B:G,MATCH(DATA!D26,'BIO WAHYU'!B:B,0),6) -> 2 | L26: =INDEX('BIO WAHYU'!B:H,MATCH(DATA!D26,'BIO WAHYU'!B:B,0),7) -> 0 | M26: =INDEX('BIO WAHYU'!B:H,MATCH(DATA!D26,'BIO WAHYU'!B:B,0),4) -> 0
A27: CS KOTAMOBAGU | B27: 2-0012322582 | C27: nova cinta | D27: 458924 | E27: Outlet Non-Telco | F27: =_xlfn.IFNA(INDEX('OSA | 3GB'!J:L,MATCH(DATA!D27,'OSA | 3GB'!J:J,0),2),0) -> 0 | G27: =_xlfn.IFNA(INDEX('OSA | 3GB'!J:L,MATCH(DATA!D27,'OSA | 3GB'!J:J,0),3),0) -> 300000 | H27: =_xlfn.IFNA(INDEX('OSA | 3GB'!A:C,MATCH(DATA!D27,'OSA | 3GB'!A:A,0),2),0) -> - | I27: =_xlfn.IFNA(INDEX('OSA | 3GB'!A:C,MATCH(DATA!D27,'OSA | 3GB'!A:A,0),3),0) -> - | J27: =INDEX('BIO WAHYU'!B:G,MATCH(DATA!D27,'BIO WAHYU'!B:B,0),5) -> 1 | K27: =INDEX('BIO WAHYU'!B:G,MATCH(DATA!D27,'BIO WAHYU'!B:B,0),6) -> 0 | L27: =INDEX('BIO WAHYU'!B:H,MATCH(DATA!D27,'BIO WAHYU'!B:B,0),7) -> 0 | M27: =INDEX('BIO WAHYU'!B:H,MATCH(DATA!D27,'BIO WAHYU'!B:B,0),4) -> 0
A28: CS MANADO | B28: 1-28825219535 | C28: ARINI CELL | D28: 406831 | E28: Outlet Regular | F28: =_xlfn.IFNA(INDEX('OSA | 3GB'!J:L,MATCH(DATA!D28,'OSA | 3GB'!J:J,0),2),0) -> 3 | G28: =_xlfn.IFNA(INDEX('OSA | 3GB'!J:L,MATCH(DATA!D28,'OSA | 3GB'!J:J,0),3),0) -> 5358000 | H28: =_xlfn.IFNA(INDEX('OSA | 3GB'!A:C,MATCH(DATA!D28,'OSA | 3GB'!A:A,0),2),0) -> - | I28: =_xlfn.IFNA(INDEX('OSA | 3GB'!A:C,MATCH(DATA!D28,'OSA | 3GB'!A:A,0),3),0) -> 1200000 | J28: =INDEX('BIO WAHYU'!B:G,MATCH(DATA!D28,'BIO WAHYU'!B:B,0),5) -> 2 | K28: =INDEX('BIO WAHYU'!B:G,MATCH(DATA!D28,'BIO WAHYU'!B:B,0),6) -> 0 | L28: =INDEX('BIO WAHYU'!B:H,MATCH(DATA!D28,'BIO WAHYU'!B:B,0),7) -> 0 | M28: =INDEX('BIO WAHYU'!B:H,MATCH(DATA!D28,'BIO WAHYU'!B:B,0),4) -> 0
A29: CS BITUNG | B29: 2613050885 | C29: DEWA CELL | D29: 400528 | E29: Outlet Non-Telco | F29: =_xlfn.IFNA(INDEX('OSA | 3GB'!J:L,MATCH(DATA!D29,'OSA | 3GB'!J:J,0),2),0) -> 3 | G29: =_xlfn.IFNA(INDEX('OSA | 3GB'!J:L,MATCH(DATA!D29,'OSA | 3GB'!J:J,0),3),0) -> 13015000 | H29: =_xlfn.IFNA(INDEX('OSA | 3GB'!A:C,MATCH(DATA!D29,'OSA | 3GB'!A:A,0),2),0) -> 3 | I29: =_xlfn.IFNA(INDEX('OSA | 3GB'!A:C,MATCH(DATA!D29,'OSA | 3GB'!A:A,0),3),0) -> - | J29: =INDEX('BIO WAHYU'!B:G,MATCH(DATA!D29,'BIO WAHYU'!B:B,0),5) -> 1 | K29: =INDEX('BIO WAHYU'!B:G,MATCH(DATA!D29,'BIO WAHYU'!B:B,0),6) -> 4 | L29: =INDEX('BIO WAHYU'!B:H,MATCH(DATA!D29,'BIO WAHYU'!B:B,0),7) -> 3 | M29: =INDEX('BIO WAHYU'!B:H,MATCH(DATA!D29,'BIO WAHYU'!B:B,0),4) -> 0
A30: CS NORTH MINAHASA | B30: 1-179956096674 | C30: KLABAT JAYA CELL | D30: 12295826 | E30: Outlet Non-Telco | F30: =_xlfn.IFNA(INDEX('OSA | 3GB'!J:L,MATCH(DATA!D30,'OSA | 3GB'!J:J,0),2),0) -> 3 | G30: =_xlfn.IFNA(INDEX('OSA | 3GB'!J:L,MATCH(DATA!D30,'OSA | 3GB'!J:J,0),3),0) -> 1000 | H30: =_xlfn.IFNA(INDEX('OSA | 3GB'!A:C,MATCH(DATA!D30,'OSA | 3GB'!A:A,0),2),0) -> - | I30: =_xlfn.IFNA(INDEX('OSA | 3GB'!A:C,MATCH(DATA!D30,'OSA | 3GB'!A:A,0),3),0) -> - | J30: =INDEX('BIO WAHYU'!B:G,MATCH(DATA!D30,'BIO WAHYU'!B:B,0),5) -> 3 | K30: =INDEX('BIO WAHYU'!B:G,MATCH(DATA!D30,'BIO WAHYU'!B:B,0),6) -> 0 | L30: =INDEX('BIO WAHYU'!B:H,MATCH(DATA!D30,'BIO WAHYU'!B:B,0),7) -> 0 | M30: =INDEX('BIO WAHYU'!B:H,MATCH(DATA!D30,'BIO WAHYU'!B:B,0),4) -> 0
A31: CS MANADO | B31: 1-28825219539 | C31: Azka Cell | D31: 12326939 | E31: Outlet Regular | F31: =_xlfn.IFNA(INDEX('OSA | 3GB'!J:L,MATCH(DATA!D31,'OSA | 3GB'!J:J,0),2),0) -> 24 | G31: =_xlfn.IFNA(INDEX('OSA | 3GB'!J:L,MATCH(DATA!D31,'OSA | 3GB'!J:J,0),3),0) -> 20791000 | H31: =_xlfn.IFNA(INDEX('OSA | 3GB'!A:C,MATCH(DATA!D31,'OSA | 3GB'!A:A,0),2),0) -> - | I31: =_xlfn.IFNA(INDEX('OSA | 3GB'!A:C,MATCH(DATA!D31,'OSA | 3GB'!A:A,0),3),0) -> 2896000 | J31: =INDEX('BIO WAHYU'!B:G,MATCH(DATA!D31,'BIO WAHYU'!B:B,0),5) -> 5 | K31: =INDEX('BIO WAHYU'!B:G,MATCH(DATA!D31,'BIO WAHYU'!B:B,0),6) -> 11 | L31: =INDEX('BIO WAHYU'!B:H,MATCH(DATA!D31,'BIO WAHYU'!B:B,0),7) -> 6 | M31: =INDEX('BIO WAHYU'!B:H,MATCH(DATA!D31,'BIO WAHYU'!B:B,0),4) -> 0
A32: CS BOLAANG MONGONDOW | B32: 2-0012322494 | C32: NAKULA RELOAD 2 | D32: 12295805 | E32: Outlet Non-Telco | F32: =_xlfn.IFNA(INDEX('OSA | 3GB'!J:L,MATCH(DATA!D32,'OSA | 3GB'!J:J,0),2),0) -> 0 | G32: =_xlfn.IFNA(INDEX('OSA | 3GB'!J:L,MATCH(DATA!D32,'OSA | 3GB'!J:J,0),3),0) -> 100000 | H32: =_xlfn.IFNA(INDEX('OSA | 3GB'!A:C,MATCH(DATA!D32,'OSA | 3GB'!A:A,0),2),0) -> - | I32: =_xlfn.IFNA(INDEX('OSA | 3GB'!A:C,MATCH(DATA!D32,'OSA | 3GB'!A:A,0),3),0) -> - | J32: =INDEX('BIO WAHYU'!B:G,MATCH(DATA!D32,'BIO WAHYU'!B:B,0),5) -> 1 | K32: =INDEX('BIO WAHYU'!B:G,MATCH(DATA!D32,'BIO WAHYU'!B:B,0),6) -> 0 | L32: =INDEX('BIO WAHYU'!B:H,MATCH(DATA!D32,'BIO WAHYU'!B:B,0),7) -> 0 | M32: =INDEX('BIO WAHYU'!B:H,MATCH(DATA!D32,'BIO WAHYU'!B:B,0),4) -> 0
A33: CS AMURANG | B33: 2-0012322600 | C33: livita celk | D33: 366731 | E33: Outlet Regular | F33: =_xlfn.IFNA(INDEX('OSA | 3GB'!J:L,MATCH(DATA!D33,'OSA | 3GB'!J:J,0),2),0) -> 2 | G33: =_xlfn.IFNA(INDEX('OSA | 3GB'!J:L,MATCH(DATA!D33,'OSA | 3GB'!J:J,0),3),0) -> 12534000 | H33: =_xlfn.IFNA(INDEX('OSA | 3GB'!A:C,MATCH(DATA!D33,'OSA | 3GB'!A:A,0),2),0) -> 7 | I33: =_xlfn.IFNA(INDEX('OSA | 3GB'!A:C,MATCH(DATA!D33,'OSA | 3GB'!A:A,0),3),0) -> 5030000 | J33: =INDEX('BIO WAHYU'!B:G,MATCH(DATA!D33,'BIO WAHYU'!B:B,0),5) -> 11 | K33: =INDEX('BIO WAHYU'!B:G,MATCH(DATA!D33,'BIO WAHYU'!B:B,0),6) -> 8 | L33: =INDEX('BIO WAHYU'!B:H,MATCH(DATA!D33,'BIO WAHYU'!B:B,0),7) -> 0 | M33: =INDEX('BIO WAHYU'!B:H,MATCH(DATA!D33,'BIO WAHYU'!B:B,0),4) -> 0
A34: CS TOMOHON | B34: 1-28825219551 | C34: RY Cell | D34: 375678 | E34: Outlet Regular | F34: =_xlfn.IFNA(INDEX('OSA | 3GB'!J:L,MATCH(DATA!D34,'OSA | 3GB'!J:J,0),2),0) -> 9 | G34: =_xlfn.IFNA(INDEX('OSA | 3GB'!J:L,MATCH(DATA!D34,'OSA | 3GB'!J:J,0),3),0) -> 5300000 | H34: =_xlfn.IFNA(INDEX('OSA | 3GB'!A:C,MATCH(DATA!D34,'OSA | 3GB'!A:A,0),2),0) -> - | I34: =_xlfn.IFNA(INDEX('OSA | 3GB'!A:C,MATCH(DATA!D34,'OSA | 3GB'!A:A,0),3),0) -> 2000000 | J34: =INDEX('BIO WAHYU'!B:G,MATCH(DATA!D34,'BIO WAHYU'!B:B,0),5) -> 7 | K34: =INDEX('BIO WAHYU'!B:G,MATCH(DATA!D34,'BIO WAHYU'!B:B,0),6) -> 9 | L34: =INDEX('BIO WAHYU'!B:H,MATCH(DATA!D34,'BIO WAHYU'!B:B,0),7) -> 2 | M34: =INDEX('BIO WAHYU'!B:H,MATCH(DATA!D34,'BIO WAHYU'!B:B,0),4) -> 1
A35: CS MANADO | B35: 1-136031887438 | C35: perkamil cell | D35: 572317 | E35: Outlet Regular | F35: =_xlfn.IFNA(INDEX('OSA | 3GB'!J:L,MATCH(DATA!D35,'OSA | 3GB'!J:J,0),2),0) -> 34 | G35: =_xlfn.IFNA(INDEX('OSA | 3GB'!J:L,MATCH(DATA!D35,'OSA | 3GB'!J:J,0),3),0) -> 55772000 | H35: =_xlfn.IFNA(INDEX('OSA | 3GB'!A:C,MATCH(DATA!D35,'OSA | 3GB'!A:A,0),2),0) -> 99 | I35: =_xlfn.IFNA(INDEX('OSA | 3GB'!A:C,MATCH(DATA!D35,'OSA | 3GB'!A:A,0),3),0) -> 9355000 | J35: =INDEX('BIO WAHYU'!B:G,MATCH(DATA!D35,'BIO WAHYU'!B:B,0),5) -> 188 | K35: =INDEX('BIO WAHYU'!B:G,MATCH(DATA!D35,'BIO WAHYU'!B:B,0),6) -> 84 | L35: =INDEX('BIO WAHYU'!B:H,MATCH(DATA!D35,'BIO WAHYU'!B:B,0),7) -> 0 | M35: =INDEX('BIO WAHYU'!B:H,MATCH(DATA!D35,'BIO WAHYU'!B:B,0),4) -> 0
A36: CS BITUNG | B36: 2613050886 | C36: KIFLY CELL | D36: 537259 | E36: Outlet Non-Telco | F36: =_xlfn.IFNA(INDEX('OSA | 3GB'!J:L,MATCH(DATA!D36,'OSA | 3GB'!J:J,0),2),0) -> 22 | G36: =_xlfn.IFNA(INDEX('OSA | 3GB'!J:L,MATCH(DATA!D36,'OSA | 3GB'!J:J,0),3),0) -> 2829000 | H36: =_xlfn.IFNA(INDEX('OSA | 3GB'!A:C,MATCH(DATA!D36,'OSA | 3GB'!A:A,0),2),0) -> - | I36: =_xlfn.IFNA(INDEX('OSA | 3GB'!A:C,MATCH(DATA!D36,'OSA | 3GB'!A:A,0),3),0) -> 1150000 | J36: =INDEX('BIO WAHYU'!B:G,MATCH(DATA!D36,'BIO WAHYU'!B:B,0),5) -> 19 | K36: =INDEX('BIO WAHYU'!B:G,MATCH(DATA!D36,'BIO WAHYU'!B:B,0),6) -> 7 | L36: =INDEX('BIO WAHYU'!B:H,MATCH(DATA!D36,'BIO WAHYU'!B:B,0),7) -> 0 | M36: =INDEX('BIO WAHYU'!B:H,MATCH(DATA!D36,'BIO WAHYU'!B:B,0),4) -> 0
A37: CS BOLAANG MONGONDOW | B37: 2613051043 | C37: suci cell | D37: 12297198 | E37: Outlet Non-Telco | F37: =_xlfn.IFNA(INDEX('OSA | 3GB'!J:L,MATCH(DATA!D37,'OSA | 3GB'!J:J,0),2),0) -> 0 | G37: =_xlfn.IFNA(INDEX('OSA | 3GB'!J:L,MATCH(DATA!D37,'OSA | 3GB'!J:J,0),3),0) -> 0 | H37: =_xlfn.IFNA(INDEX('OSA | 3GB'!A:C,MATCH(DATA!D37,'OSA | 3GB'!A:A,0),2),0) -> - | I37: =_xlfn.IFNA(INDEX('OSA | 3GB'!A:C,MATCH(DATA!D37,'OSA | 3GB'!A:A,0),3),0) -> - | J37: =INDEX('BIO WAHYU'!B:G,MATCH(DATA!D37,'BIO WAHYU'!B:B,0),5) -> 0 | K37: =INDEX('BIO WAHYU'!B:G,MATCH(DATA!D37,'BIO WAHYU'!B:B,0),6) -> 0 | L37: =INDEX('BIO WAHYU'!B:H,MATCH(DATA!D37,'BIO WAHYU'!B:B,0),7) -> 0 | M37: =INDEX('BIO WAHYU'!B:H,MATCH(DATA!D37,'BIO WAHYU'!B:B,0),4) -> 0
A38: CS NORTH MINAHASA | B38: 1-179956096674 | C38: C2w cell | D38: 12295752 | E38: Outlet Non-Telco | F38: =_xlfn.IFNA(INDEX('OSA | 3GB'!J:L,MATCH(DATA!D38,'OSA | 3GB'!J:J,0),2),0) -> 4 | G38: =_xlfn.IFNA(INDEX('OSA | 3GB'!J:L,MATCH(DATA!D38,'OSA | 3GB'!J:J,0),3),0) -> 369000 | H38: =_xlfn.IFNA(INDEX('OSA | 3GB'!A:C,MATCH(DATA!D38,'OSA | 3GB'!A:A,0),2),0) -> 5 | I38: =_xlfn.IFNA(INDEX('OSA | 3GB'!A:C,MATCH(DATA!D38,'OSA | 3GB'!A:A,0),3),0) -> - | J38: =INDEX('BIO WAHYU'!B:G,MATCH(DATA!D38,'BIO WAHYU'!B:B,0),5) -> 5 | K38: =INDEX('BIO WAHYU'!B:G,MATCH(DATA!D38,'BIO WAHYU'!B:B,0),6) -> 2 | L38: =INDEX('BIO WAHYU'!B:H,MATCH(DATA!D38,'BIO WAHYU'!B:B,0),7) -> 0 | M38: =INDEX('BIO WAHYU'!B:H,MATCH(DATA!D38,'BIO WAHYU'!B:B,0),4) -> 0
A39: CS BOLAANG MONGONDOW | B39: 1-154939061873 | C39: Marzha cell | D39: 337270 | E39: Outlet Regular | F39: =_xlfn.IFNA(INDEX('OSA | 3GB'!J:L,MATCH(DATA!D39,'OSA | 3GB'!J:J,0),2),0) -> 5 | G39: =_xlfn.IFNA(INDEX('OSA | 3GB'!J:L,MATCH(DATA!D39,'OSA | 3GB'!J:J,0),3),0) -> 7550000 | H39: =_xlfn.IFNA(INDEX('OSA | 3GB'!A:C,MATCH(DATA!D39,'OSA | 3GB'!A:A,0),2),0) -> - | I39: =_xlfn.IFNA(INDEX('OSA | 3GB'!A:C,MATCH(DATA!D39,'OSA | 3GB'!A:A,0),3),0) -> 2800000 | J39: =INDEX('BIO WAHYU'!B:G,MATCH(DATA!D39,'BIO WAHYU'!B:B,0),5) -> 1 | K39: =INDEX('BIO WAHYU'!B:G,MATCH(DATA!D39,'BIO WAHYU'!B:B,0),6) -> 0 | L39: =INDEX('BIO WAHYU'!B:H,MATCH(DATA!D39,'BIO WAHYU'!B:B,0),7) -> 0 | M39: =INDEX('BIO WAHYU'!B:H,MATCH(DATA!D39,'BIO WAHYU'!B:B,0),4) -> 0
A40: CS TOMOHON | B40: 1-28825219547 | C40: Asri Cell | D40: 61487 | E40: Outlet Regular | F40: =_xlfn.IFNA(INDEX('OSA | 3GB'!J:L,MATCH(DATA!D40,'OSA | 3GB'!J:J,0),2),0) -> 4 | G40: =_xlfn.IFNA(INDEX('OSA | 3GB'!J:L,MATCH(DATA!D40,'OSA | 3GB'!J:J,0),3),0) -> 400000 | H40: =_xlfn.IFNA(INDEX('OSA | 3GB'!A:C,MATCH(DATA!D40,'OSA | 3GB'!A:A,0),2),0) -> 3 | I40: =_xlfn.IFNA(INDEX('OSA | 3GB'!A:C,MATCH(DATA!D40,'OSA | 3GB'!A:A,0),3),0) -> 100000 | J40: =INDEX('BIO WAHYU'!B:G,MATCH(DATA!D40,'BIO WAHYU'!B:B,0),5) -> 2 | K40: =INDEX('BIO WAHYU'!B:G,MATCH(DATA!D40,'BIO WAHYU'!B:B,0),6) -> 3 | L40: =INDEX('BIO WAHYU'!B:H,MATCH(DATA!D40,'BIO WAHYU'!B:B,0),7) -> 1 | M40: =INDEX('BIO WAHYU'!B:H,MATCH(DATA!D40,'BIO WAHYU'!B:B,0),4) -> 0
A41: CS BITUNG | B41: 2613050885 | C41: Vinanda cell | D41: 532286 | E41: Outlet Non-Telco | F41: =_xlfn.IFNA(INDEX('OSA | 3GB'!J:L,MATCH(DATA!D41,'OSA | 3GB'!J:J,0),2),0) -> 0 | G41: =_xlfn.IFNA(INDEX('OSA | 3GB'!J:L,MATCH(DATA!D41,'OSA | 3GB'!J:J,0),3),0) -> 0 | H41: =_xlfn.IFNA(INDEX('OSA | 3GB'!A:C,MATCH(DATA!D41,'OSA | 3GB'!A:A,0),2),0) -> - | I41: =_xlfn.IFNA(INDEX('OSA | 3GB'!A:C,MATCH(DATA!D41,'OSA | 3GB'!A:A,0),3),0) -> - | J41: =INDEX('BIO WAHYU'!B:G,MATCH(DATA!D41,'BIO WAHYU'!B:B,0),5) -> 0 | K41: =INDEX('BIO WAHYU'!B:G,MATCH(DATA!D41,'BIO WAHYU'!B:B,0),6) -> 0 | L41: =INDEX('BIO WAHYU'!B:H,MATCH(DATA!D41,'BIO WAHYU'!B:B,0),7) -> 0 | M41: =INDEX('BIO WAHYU'!B:H,MATCH(DATA!D41,'BIO WAHYU'!B:B,0),4) -> 0
A42: CS TOMOHON | B42: 1-136038372880 | C42: Raisel Cell | D42: 328760 | E42: Outlet Regular | F42: =_xlfn.IFNA(INDEX('OSA | 3GB'!J:L,MATCH(DATA!D42,'OSA | 3GB'!J:J,0),2),0) -> 6 | G42: =_xlfn.IFNA(INDEX('OSA | 3GB'!J:L,MATCH(DATA!D42,'OSA | 3GB'!J:J,0),3),0) -> 1558000 | H42: =_xlfn.IFNA(INDEX('OSA | 3GB'!A:C,MATCH(DATA!D42,'OSA | 3GB'!A:A,0),2),0) -> 2 | I42: =_xlfn.IFNA(INDEX('OSA | 3GB'!A:C,MATCH(DATA!D42,'OSA | 3GB'!A:A,0),3),0) -> 558000 | J42: =INDEX('BIO WAHYU'!B:G,MATCH(DATA!D42,'BIO WAHYU'!B:B,0),5) -> 3 | K42: =INDEX('BIO WAHYU'!B:G,MATCH(DATA!D42,'BIO WAHYU'!B:B,0),6) -> 0 | L42: =INDEX('BIO WAHYU'!B:H,MATCH(DATA!D42,'BIO WAHYU'!B:B,0),7) -> 0 | M42: =INDEX('BIO WAHYU'!B:H,MATCH(DATA!D42,'BIO WAHYU'!B:B,0),4) -> 0
A43: CS MANADO | B43: 1-136031887438 | C43: zeva cell | D43: 261639 | E43: Outlet Regular | F43: =_xlfn.IFNA(INDEX('OSA | 3GB'!J:L,MATCH(DATA!D43,'OSA | 3GB'!J:J,0),2),0) -> 1 | G43: =_xlfn.IFNA(INDEX('OSA | 3GB'!J:L,MATCH(DATA!D43,'OSA | 3GB'!J:J,0),3),0) -> 100000 | H43: =_xlfn.IFNA(INDEX('OSA | 3GB'!A:C,MATCH(DATA!D43,'OSA | 3GB'!A:A,0),2),0) -> - | I43: =_xlfn.IFNA(INDEX('OSA | 3GB'!A:C,MATCH(DATA!D43,'OSA | 3GB'!A:A,0),3),0) -> 500000 | J43: =INDEX('BIO WAHYU'!B:G,MATCH(DATA!D43,'BIO WAHYU'!B:B,0),5) -> 2 | K43: =INDEX('BIO WAHYU'!B:G,MATCH(DATA!D43,'BIO WAHYU'!B:B,0),6) -> 0 | L43: =INDEX('BIO WAHYU'!B:H,MATCH(DATA!D43,'BIO WAHYU'!B:B,0),7) -> 0 | M43: =INDEX('BIO WAHYU'!B:H,MATCH(DATA!D43,'BIO WAHYU'!B:B,0),4) -> 0
A44: CS BOLAANG MONGONDOW | B44: 1-154939061873 | C44: KANARU CELL | D44: 489716 | E44: Outlet KRO | F44: =_xlfn.IFNA(INDEX('OSA | 3GB'!J:L,MATCH(DATA!D44,'OSA | 3GB'!J:J,0),2),0) -> 5 | G44: =_xlfn.IFNA(INDEX('OSA | 3GB'!J:L,MATCH(DATA!D44,'OSA | 3GB'!J:J,0),3),0) -> 1000000 | H44: =_xlfn.IFNA(INDEX('OSA | 3GB'!A:C,MATCH(DATA!D44,'OSA | 3GB'!A:A,0),2),0) -> - | I44: =_xlfn.IFNA(INDEX('OSA | 3GB'!A:C,MATCH(DATA!D44,'OSA | 3GB'!A:A,0),3),0) -> - | J44: =INDEX('BIO WAHYU'!B:G,MATCH(DATA!D44,'BIO WAHYU'!B:B,0),5) -> 4 | K44: =INDEX('BIO WAHYU'!B:G,MATCH(DATA!D44,'BIO WAHYU'!B:B,0),6) -> 0 | L44: =INDEX('BIO WAHYU'!B:H,MATCH(DATA!D44,'BIO WAHYU'!B:B,0),7) -> 0 | M44: =INDEX('BIO WAHYU'!B:H,MATCH(DATA!D44,'BIO WAHYU'!B:B,0),4) -> 0
A45: CS TOMOHON | B45: 2613051475 | C45: Gabriel Cell | D45: 563913 | E45: Outlet Regular | F45: =_xlfn.IFNA(INDEX('OSA | 3GB'!J:L,MATCH(DATA!D45,'OSA | 3GB'!J:J,0),2),0) -> 57 | G45: =_xlfn.IFNA(INDEX('OSA | 3GB'!J:L,MATCH(DATA!D45,'OSA | 3GB'!J:J,0),3),0) -> 58000 | H45: =_xlfn.IFNA(INDEX('OSA | 3GB'!A:C,MATCH(DATA!D45,'OSA | 3GB'!A:A,0),2),0) -> 9 | I45: =_xlfn.IFNA(INDEX('OSA | 3GB'!A:C,MATCH(DATA!D45,'OSA | 3GB'!A:A,0),3),0) -> - | J45: =INDEX('BIO WAHYU'!B:G,MATCH(DATA!D45,'BIO WAHYU'!B:B,0),5) -> 29 | K45: =INDEX('BIO WAHYU'!B:G,MATCH(DATA!D45,'BIO WAHYU'!B:B,0),6) -> 3 | L45: =INDEX('BIO WAHYU'!B:H,MATCH(DATA!D45,'BIO WAHYU'!B:B,0),7) -> 0 | M45: =INDEX('BIO WAHYU'!B:H,MATCH(DATA!D45,'BIO WAHYU'!B:B,0),4) -> 0
A46: CS AMURANG | B46: 2-0012322600 | C46: lisa cell | D46: 11164 | E46: Outlet Regular | F46: =_xlfn.IFNA(INDEX('OSA | 3GB'!J:L,MATCH(DATA!D46,'OSA | 3GB'!J:J,0),2),0) -> 3 | G46: =_xlfn.IFNA(INDEX('OSA | 3GB'!J:L,MATCH(DATA!D46,'OSA | 3GB'!J:J,0),3),0) -> 350000 | H46: =_xlfn.IFNA(INDEX('OSA | 3GB'!A:C,MATCH(DATA!D46,'OSA | 3GB'!A:A,0),2),0) -> - | I46: =_xlfn.IFNA(INDEX('OSA | 3GB'!A:C,MATCH(DATA!D46,'OSA | 3GB'!A:A,0),3),0) -> - | J46: =INDEX('BIO WAHYU'!B:G,MATCH(DATA!D46,'BIO WAHYU'!B:B,0),5) -> 0 | K46: =INDEX('BIO WAHYU'!B:G,MATCH(DATA!D46,'BIO WAHYU'!B:B,0),6) -> 3 | L46: =INDEX('BIO WAHYU'!B:H,MATCH(DATA!D46,'BIO WAHYU'!B:B,0),7) -> 3 | M46: =INDEX('BIO WAHYU'!B:H,MATCH(DATA!D46,'BIO WAHYU'!B:B,0),4) -> 0
A47: CS BITUNG | B47: 2613050886 | C47: Chim cell | D47: 385886 | E47: Outlet Non-Telco | F47: =_xlfn.IFNA(INDEX('OSA | 3GB'!J:L,MATCH(DATA!D47,'OSA | 3GB'!J:J,0),2),0) -> 3 | G47: =_xlfn.IFNA(INDEX('OSA | 3GB'!J:L,MATCH(DATA!D47,'OSA | 3GB'!J:J,0),3),0) -> 29000 | H47: =_xlfn.IFNA(INDEX('OSA | 3GB'!A:C,MATCH(DATA!D47,'OSA | 3GB'!A:A,0),2),0) -> - | I47: =_xlfn.IFNA(INDEX('OSA | 3GB'!A:C,MATCH(DATA!D47,'OSA | 3GB'!A:A,0),3),0) -> - | J47: =INDEX('BIO WAHYU'!B:G,MATCH(DATA!D47,'BIO WAHYU'!B:B,0),5) -> 12 | K47: =INDEX('BIO WAHYU'!B:G,MATCH(DATA!D47,'BIO WAHYU'!B:B,0),6) -> 30 | L47: =INDEX('BIO WAHYU'!B:H,MATCH(DATA!D47,'BIO WAHYU'!B:B,0),7) -> 18 | M47: =INDEX('BIO WAHYU'!B:H,MATCH(DATA!D47,'BIO WAHYU'!B:B,0),4) -> 0
A48: CS BITUNG | B48: 1-181212542181 | C48: Al Qadry Cell | D48: 211671 | E48: Outlet KRO | F48: =_xlfn.IFNA(INDEX('OSA | 3GB'!J:L,MATCH(DATA!D48,'OSA | 3GB'!J:J,0),2),0) -> 111 | G48: =_xlfn.IFNA(INDEX('OSA | 3GB'!J:L,MATCH(DATA!D48,'OSA | 3GB'!J:J,0),3),0) -> 45261000 | H48: =_xlfn.IFNA(INDEX('OSA | 3GB'!A:C,MATCH(DATA!D48,'OSA | 3GB'!A:A,0),2),0) -> 83 | I48: =_xlfn.IFNA(INDEX('OSA | 3GB'!A:C,MATCH(DATA!D48,'OSA | 3GB'!A:A,0),3),0) -> 15145000 | J48: =INDEX('BIO WAHYU'!B:G,MATCH(DATA!D48,'BIO WAHYU'!B:B,0),5) -> 38 | K48: =INDEX('BIO WAHYU'!B:G,MATCH(DATA!D48,'BIO WAHYU'!B:B,0),6) -> 18 | L48: =INDEX('BIO WAHYU'!B:H,MATCH(DATA!D48,'BIO WAHYU'!B:B,0),7) -> 0 | M48: =INDEX('BIO WAHYU'!B:H,MATCH(DATA!D48,'BIO WAHYU'!B:B,0),4) -> 3
A49: CS KOTAMOBAGU | B49: 2613052584 | C49: Bintang cell | D49: 286665 | E49: Outlet Regular | F49: =_xlfn.IFNA(INDEX('OSA | 3GB'!J:L,MATCH(DATA!D49,'OSA | 3GB'!J:J,0),2),0) -> 9 | G49: =_xlfn.IFNA(INDEX('OSA | 3GB'!J:L,MATCH(DATA!D49,'OSA | 3GB'!J:J,0),3),0) -> 3550000 | H49: =_xlfn.IFNA(INDEX('OSA | 3GB'!A:C,MATCH(DATA!D49,'OSA | 3GB'!A:A,0),2),0) -> - | I49: =_xlfn.IFNA(INDEX('OSA | 3GB'!A:C,MATCH(DATA!D49,'OSA | 3GB'!A:A,0),3),0) -> 450000 | J49: =INDEX('BIO WAHYU'!B:G,MATCH(DATA!D49,'BIO WAHYU'!B:B,0),5) -> 7 | K49: =INDEX('BIO WAHYU'!B:G,MATCH(DATA!D49,'BIO WAHYU'!B:B,0),6) -> 6 | L49: =INDEX('BIO WAHYU'!B:H,MATCH(DATA!D49,'BIO WAHYU'!B:B,0),7) -> 0 | M49: =INDEX('BIO WAHYU'!B:H,MATCH(DATA!D49,'BIO WAHYU'!B:B,0),4) -> 0
A50: CS AMURANG | B50: 2-0012322492 | C50: nayabi cell | D50: 501630 | E50: Outlet Non-Telco | F50: =_xlfn.IFNA(INDEX('OSA | 3GB'!J:L,MATCH(DATA!D50,'OSA | 3GB'!J:J,0),2),0) -> 15 | G50: =_xlfn.IFNA(INDEX('OSA | 3GB'!J:L,MATCH(DATA!D50,'OSA | 3GB'!J:J,0),3),0) -> 200000 | H50: =_xlfn.IFNA(INDEX('OSA | 3GB'!A:C,MATCH(DATA!D50,'OSA | 3GB'!A:A,0),2),0) -> - | I50: =_xlfn.IFNA(INDEX('OSA | 3GB'!A:C,MATCH(DATA!D50,'OSA | 3GB'!A:A,0),3),0) -> 50000 | J50: =INDEX('BIO WAHYU'!B:G,MATCH(DATA!D50,'BIO WAHYU'!B:B,0),5) -> 5 | K50: =INDEX('BIO WAHYU'!B:G,MATCH(DATA!D50,'BIO WAHYU'!B:B,0),6) -> 0 | L50: =INDEX('BIO WAHYU'!B:H,MATCH(DATA!D50,'BIO WAHYU'!B:B,0),7) -> 0 | M50: =INDEX('BIO WAHYU'!B:H,MATCH(DATA!D50,'BIO WAHYU'!B:B,0),4) -> 0
A51: CS AMURANG | B51: 2-0012322591 | C51: MICHELLE CELL | D51: 396064 | E51: Outlet Non-Telco | F51: =_xlfn.IFNA(INDEX('OSA | 3GB'!J:L,MATCH(DATA!D51,'OSA | 3GB'!J:J,0),2),0) -> 7 | G51: =_xlfn.IFNA(INDEX('OSA | 3GB'!J:L,MATCH(DATA!D51,'OSA | 3GB'!J:J,0),3),0) -> 3150000 | H51: =_xlfn.IFNA(INDEX('OSA | 3GB'!A:C,MATCH(DATA!D51,'OSA | 3GB'!A:A,0),2),0) -> - | I51: =_xlfn.IFNA(INDEX('OSA | 3GB'!A:C,MATCH(DATA!D51,'OSA | 3GB'!A:A,0),3),0) -> 800000 | J51: =INDEX('BIO WAHYU'!B:G,MATCH(DATA!D51,'BIO WAHYU'!B:B,0),5) -> 4 | K51: =INDEX('BIO WAHYU'!B:G,MATCH(DATA!D51,'BIO WAHYU'!B:B,0),6) -> 1 | L51: =INDEX('BIO WAHYU'!B:H,MATCH(DATA!D51,'BIO WAHYU'!B:B,0),7) -> 0 | M51: =INDEX('BIO WAHYU'!B:H,MATCH(DATA!D51,'BIO WAHYU'!B:B,0),4) -> 0
A52: CS TOMOHON | B52: 1-28825219551 | C52: ACM Cell | D52: 12323425 | E52: Outlet Regular | F52: =_xlfn.IFNA(INDEX('OSA | 3GB'!J:L,MATCH(DATA!D52,'OSA | 3GB'!J:J,0),2),0) -> 1 | G52: =_xlfn.IFNA(INDEX('OSA | 3GB'!J:L,MATCH(DATA!D52,'OSA | 3GB'!J:J,0),3),0) -> 8800000 | H52: =_xlfn.IFNA(INDEX('OSA | 3GB'!A:C,MATCH(DATA!D52,'OSA | 3GB'!A:A,0),2),0) -> - | I52: =_xlfn.IFNA(INDEX('OSA | 3GB'!A:C,MATCH(DATA!D52,'OSA | 3GB'!A:A,0),3),0) -> 4300000 | J52: =INDEX('BIO WAHYU'!B:G,MATCH(DATA!D52,'BIO WAHYU'!B:B,0),5) -> 3 | K52: =INDEX('BIO WAHYU'!B:G,MATCH(DATA!D52,'BIO WAHYU'!B:B,0),6) -> 0 | L52: =INDEX('BIO WAHYU'!B:H,MATCH(DATA!D52,'BIO WAHYU'!B:B,0),7) -> 0 | M52: =INDEX('BIO WAHYU'!B:H,MATCH(DATA!D52,'BIO WAHYU'!B:B,0),4) -> 1
A53: CS AMURANG | B53: 2-0012322602 | C53: Nanda cell | D53: 201488 | E53: Outlet Non-Telco | F53: =_xlfn.IFNA(INDEX('OSA | 3GB'!J:L,MATCH(DATA!D53,'OSA | 3GB'!J:J,0),2),0) -> 3 | G53: =_xlfn.IFNA(INDEX('OSA | 3GB'!J:L,MATCH(DATA!D53,'OSA | 3GB'!J:J,0),3),0) -> 1050000 | H53: =_xlfn.IFNA(INDEX('OSA | 3GB'!A:C,MATCH(DATA!D53,'OSA | 3GB'!A:A,0),2),0) -> - | I53: =_xlfn.IFNA(INDEX('OSA | 3GB'!A:C,MATCH(DATA!D53,'OSA | 3GB'!A:A,0),3),0) -> 400000 | J53: =INDEX('BIO WAHYU'!B:G,MATCH(DATA!D53,'BIO WAHYU'!B:B,0),5) -> 3 | K53: =INDEX('BIO WAHYU'!B:G,MATCH(DATA!D53,'BIO WAHYU'!B:B,0),6) -> 0 | L53: =INDEX('BIO WAHYU'!B:H,MATCH(DATA!D53,'BIO WAHYU'!B:B,0),7) -> 0 | M53: =INDEX('BIO WAHYU'!B:H,MATCH(DATA!D53,'BIO WAHYU'!B:B,0),4) -> 0
A54: CS MANADO | B54: 2613052222 | C54: AHSANA CELL | D54: 363660 | E54: Outlet Regular | F54: =_xlfn.IFNA(INDEX('OSA | 3GB'!J:L,MATCH(DATA!D54,'OSA | 3GB'!J:J,0),2),0) -> 3 | G54: =_xlfn.IFNA(INDEX('OSA | 3GB'!J:L,MATCH(DATA!D54,'OSA | 3GB'!J:J,0),3),0) -> 1300000 | H54: =_xlfn.IFNA(INDEX('OSA | 3GB'!A:C,MATCH(DATA!D54,'OSA | 3GB'!A:A,0),2),0) -> - | I54: =_xlfn.IFNA(INDEX('OSA | 3GB'!A:C,MATCH(DATA!D54,'OSA | 3GB'!A:A,0),3),0) -> 1000000 | J54: =INDEX('BIO WAHYU'!B:G,MATCH(DATA!D54,'BIO WAHYU'!B:B,0),5) -> 3 | K54: =INDEX('BIO WAHYU'!B:G,MATCH(DATA!D54,'BIO WAHYU'!B:B,0),6) -> 1 | L54: =INDEX('BIO WAHYU'!B:H,MATCH(DATA!D54,'BIO WAHYU'!B:B,0),7) -> 0 | M54: =INDEX('BIO WAHYU'!B:H,MATCH(DATA!D54,'BIO WAHYU'!B:B,0),4) -> 0
A55: CS AMURANG | B55: 1-181214637141 | C55: Garean Cell | D55: 457300 | E55: Outlet Regular | F55: =_xlfn.IFNA(INDEX('OSA | 3GB'!J:L,MATCH(DATA!D55,'OSA | 3GB'!J:J,0),2),0) -> 2 | G55: =_xlfn.IFNA(INDEX('OSA | 3GB'!J:L,MATCH(DATA!D55,'OSA | 3GB'!J:J,0),3),0) -> 7050000 | H55: =_xlfn.IFNA(INDEX('OSA | 3GB'!A:C,MATCH(DATA!D55,'OSA | 3GB'!A:A,0),2),0) -> - | I55: =_xlfn.IFNA(INDEX('OSA | 3GB'!A:C,MATCH(DATA!D55,'OSA | 3GB'!A:A,0),3),0) -> 1200000 | J55: =INDEX('BIO WAHYU'!B:G,MATCH(DATA!D55,'BIO WAHYU'!B:B,0),5) -> 2 | K55: =INDEX('BIO WAHYU'!B:G,MATCH(DATA!D55,'BIO WAHYU'!B:B,0),6) -> 1 | L55: =INDEX('BIO WAHYU'!B:H,MATCH(DATA!D55,'BIO WAHYU'!B:B,0),7) -> 0 | M55: =INDEX('BIO WAHYU'!B:H,MATCH(DATA!D55,'BIO WAHYU'!B:B,0),4) -> 0
A56: CS TOMOHON | B56: 1-136038372906 | C56: ELSHADAI CELL | D56: 12322582 | E56: Outlet Regular | F56: =_xlfn.IFNA(INDEX('OSA | 3GB'!J:L,MATCH(DATA!D56,'OSA | 3GB'!J:J,0),2),0) -> 0 | G56: =_xlfn.IFNA(INDEX('OSA | 3GB'!J:L,MATCH(DATA!D56,'OSA | 3GB'!J:J,0),3),0) -> 200000 | H56: =_xlfn.IFNA(INDEX('OSA | 3GB'!A:C,MATCH(DATA!D56,'OSA | 3GB'!A:A,0),2),0) -> - | I56: =_xlfn.IFNA(INDEX('OSA | 3GB'!A:C,MATCH(DATA!D56,'OSA | 3GB'!A:A,0),3),0) -> - | J56: =INDEX('BIO WAHYU'!B:G,MATCH(DATA!D56,'BIO WAHYU'!B:B,0),5) -> 0 | K56: =INDEX('BIO WAHYU'!B:G,MATCH(DATA!D56,'BIO WAHYU'!B:B,0),6) -> 0 | L56: =INDEX('BIO WAHYU'!B:H,MATCH(DATA!D56,'BIO WAHYU'!B:B,0),7) -> 0 | M56: =INDEX('BIO WAHYU'!B:H,MATCH(DATA!D56,'BIO WAHYU'!B:B,0),4) -> 0
A57: CS KOTAMOBAGU | B57: 2613051412 | C57: gabriela cell | D57: 12326196 | E57: Outlet Regular | F57: =_xlfn.IFNA(INDEX('OSA | 3GB'!J:L,MATCH(DATA!D57,'OSA | 3GB'!J:J,0),2),0) -> 3 | G57: =_xlfn.IFNA(INDEX('OSA | 3GB'!J:L,MATCH(DATA!D57,'OSA | 3GB'!J:J,0),3),0) -> 0 | H57: =_xlfn.IFNA(INDEX('OSA | 3GB'!A:C,MATCH(DATA!D57,'OSA | 3GB'!A:A,0),2),0) -> 5 | I57: =_xlfn.IFNA(INDEX('OSA | 3GB'!A:C,MATCH(DATA!D57,'OSA | 3GB'!A:A,0),3),0) -> 1534000 | J57: =INDEX('BIO WAHYU'!B:G,MATCH(DATA!D57,'BIO WAHYU'!B:B,0),5) -> 2 | K57: =INDEX('BIO WAHYU'!B:G,MATCH(DATA!D57,'BIO WAHYU'!B:B,0),6) -> 13 | L57: =INDEX('BIO WAHYU'!B:H,MATCH(DATA!D57,'BIO WAHYU'!B:B,0),7) -> 11 | M57: =INDEX('BIO WAHYU'!B:H,MATCH(DATA!D57,'BIO WAHYU'!B:B,0),4) -> 0
A58: CS TOMOHON | B58: 1-28825219555 | C58: Christian Cell | D58: 12327331 | E58: Outlet Regular | F58: =_xlfn.IFNA(INDEX('OSA | 3GB'!J:L,MATCH(DATA!D58,'OSA | 3GB'!J:J,0),2),0) -> 0 | G58: =_xlfn.IFNA(INDEX('OSA | 3GB'!J:L,MATCH(DATA!D58,'OSA | 3GB'!J:J,0),3),0) -> 2599474 | H58: =_xlfn.IFNA(INDEX('OSA | 3GB'!A:C,MATCH(DATA!D58,'OSA | 3GB'!A:A,0),2),0) -> 1 | I58: =_xlfn.IFNA(INDEX('OSA | 3GB'!A:C,MATCH(DATA!D58,'OSA | 3GB'!A:A,0),3),0) -> 29000 | J58: =INDEX('BIO WAHYU'!B:G,MATCH(DATA!D58,'BIO WAHYU'!B:B,0),5) -> 0 | K58: =INDEX('BIO WAHYU'!B:G,MATCH(DATA!D58,'BIO WAHYU'!B:B,0),6) -> 1 | L58: =INDEX('BIO WAHYU'!B:H,MATCH(DATA!D58,'BIO WAHYU'!B:B,0),7) -> 1 | M58: =INDEX('BIO WAHYU'!B:H,MATCH(DATA!D58,'BIO WAHYU'!B:B,0),4) -> 0
A59: CS TOMOHON | B59: 1-136038372880 | C59: Franko Cell | D59: 12318984 | E59: Outlet Regular | F59: =_xlfn.IFNA(INDEX('OSA | 3GB'!J:L,MATCH(DATA!D59,'OSA | 3GB'!J:J,0),2),0) -> 0 | G59: =_xlfn.IFNA(INDEX('OSA | 3GB'!J:L,MATCH(DATA!D59,'OSA | 3GB'!J:J,0),3),0) -> 0 | H59: =_xlfn.IFNA(INDEX('OSA | 3GB'!A:C,MATCH(DATA!D59,'OSA | 3GB'!A:A,0),2),0) -> - | I59: =_xlfn.IFNA(INDEX('OSA | 3GB'!A:C,MATCH(DATA!D59,'OSA | 3GB'!A:A,0),3),0) -> - | J59: =INDEX('BIO WAHYU'!B:G,MATCH(DATA!D59,'BIO WAHYU'!B:B,0),5) -> 0 | K59: =INDEX('BIO WAHYU'!B:G,MATCH(DATA!D59,'BIO WAHYU'!B:B,0),6) -> 0 | L59: =INDEX('BIO WAHYU'!B:H,MATCH(DATA!D59,'BIO WAHYU'!B:B,0),7) -> 0 | M59: =INDEX('BIO WAHYU'!B:H,MATCH(DATA!D59,'BIO WAHYU'!B:B,0),4) -> 0
A60: CS KOTAMOBAGU | B60: 2-0012322582 | C60: RC CELLULAR | D60: 240551 | E60: Outlet Regular | F60: =_xlfn.IFNA(INDEX('OSA | 3GB'!J:L,MATCH(DATA!D60,'OSA | 3GB'!J:J,0),2),0) -> 0 | G60: =_xlfn.IFNA(INDEX('OSA | 3GB'!J:L,MATCH(DATA!D60,'OSA | 3GB'!J:J,0),3),0) -> 1000000 | H60: =_xlfn.IFNA(INDEX('OSA | 3GB'!A:C,MATCH(DATA!D60,'OSA | 3GB'!A:A,0),2),0) -> - | I60: =_xlfn.IFNA(INDEX('OSA | 3GB'!A:C,MATCH(DATA!D60,'OSA | 3GB'!A:A,0),3),0) -> 1000000 | J60: =INDEX('BIO WAHYU'!B:G,MATCH(DATA!D60,'BIO WAHYU'!B:B,0),5) -> 0 | K60: =INDEX('BIO WAHYU'!B:G,MATCH(DATA!D60,'BIO WAHYU'!B:B,0),6) -> 0 | L60: =INDEX('BIO WAHYU'!B:H,MATCH(DATA!D60,'BIO WAHYU'!B:B,0),7) -> 0 | M60: =INDEX('BIO WAHYU'!B:H,MATCH(DATA!D60,'BIO WAHYU'!B:B,0),4) -> 0
A61: CS TOMOHON | B61: 1-136038372906 | C61: IVONE CELL | D61: 224061 | E61: Outlet Regular | F61: =_xlfn.IFNA(INDEX('OSA | 3GB'!J:L,MATCH(DATA!D61,'OSA | 3GB'!J:J,0),2),0) -> 4 | G61: =_xlfn.IFNA(INDEX('OSA | 3GB'!J:L,MATCH(DATA!D61,'OSA | 3GB'!J:J,0),3),0) -> 5400000 | H61: =_xlfn.IFNA(INDEX('OSA | 3GB'!A:C,MATCH(DATA!D61,'OSA | 3GB'!A:A,0),2),0) -> - | I61: =_xlfn.IFNA(INDEX('OSA | 3GB'!A:C,MATCH(DATA!D61,'OSA | 3GB'!A:A,0),3),0) -> 3355000 | J61: =INDEX('BIO WAHYU'!B:G,MATCH(DATA!D61,'BIO WAHYU'!B:B,0),5) -> 3 | K61: =INDEX('BIO WAHYU'!B:G,MATCH(DATA!D61,'BIO WAHYU'!B:B,0),6) -> 1 | L61: =INDEX('BIO WAHYU'!B:H,MATCH(DATA!D61,'BIO WAHYU'!B:B,0),7) -> 0 | M61: =INDEX('BIO WAHYU'!B:H,MATCH(DATA!D61,'BIO WAHYU'!B:B,0),4) -> 0
A62: CS AMURANG | B62: 2-0012322600 | C62: ALGIBRAN CELL | D62: 553329 | E62: Outlet Regular | F62: =_xlfn.IFNA(INDEX('OSA | 3GB'!J:L,MATCH(DATA!D62,'OSA | 3GB'!J:J,0),2),0) -> 3 | G62: =_xlfn.IFNA(INDEX('OSA | 3GB'!J:L,MATCH(DATA!D62,'OSA | 3GB'!J:J,0),3),0) -> 400000 | H62: =_xlfn.IFNA(INDEX('OSA | 3GB'!A:C,MATCH(DATA!D62,'OSA | 3GB'!A:A,0),2),0) -> - | I62: =_xlfn.IFNA(INDEX('OSA | 3GB'!A:C,MATCH(DATA!D62,'OSA | 3GB'!A:A,0),3),0) -> 200000 | J62: =INDEX('BIO WAHYU'!B:G,MATCH(DATA!D62,'BIO WAHYU'!B:B,0),5) -> 1 | K62: =INDEX('BIO WAHYU'!B:G,MATCH(DATA!D62,'BIO WAHYU'!B:B,0),6) -> 3 | L62: =INDEX('BIO WAHYU'!B:H,MATCH(DATA!D62,'BIO WAHYU'!B:B,0),7) -> 2 | M62: =INDEX('BIO WAHYU'!B:H,MATCH(DATA!D62,'BIO WAHYU'!B:B,0),4) -> 0
A63: CS AMURANG | B63: 1-172128413157 | C63: KARUNIA JAYA | D63: 12295897 | E63: Outlet Non-Telco | F63: =_xlfn.IFNA(INDEX('OSA | 3GB'!J:L,MATCH(DATA!D63,'OSA | 3GB'!J:J,0),2),0) -> 11 | G63: =_xlfn.IFNA(INDEX('OSA | 3GB'!J:L,MATCH(DATA!D63,'OSA | 3GB'!J:J,0),3),0) -> 50000 | H63: =_xlfn.IFNA(INDEX('OSA | 3GB'!A:C,MATCH(DATA!D63,'OSA | 3GB'!A:A,0),2),0) -> - | I63: =_xlfn.IFNA(INDEX('OSA | 3GB'!A:C,MATCH(DATA!D63,'OSA | 3GB'!A:A,0),3),0) -> - | J63: =INDEX('BIO WAHYU'!B:G,MATCH(DATA!D63,'BIO WAHYU'!B:B,0),5) -> 1 | K63: =INDEX('BIO WAHYU'!B:G,MATCH(DATA!D63,'BIO WAHYU'!B:B,0),6) -> 0 | L63: =INDEX('BIO WAHYU'!B:H,MATCH(DATA!D63,'BIO WAHYU'!B:B,0),7) -> 0 | M63: =INDEX('BIO WAHYU'!B:H,MATCH(DATA!D63,'BIO WAHYU'!B:B,0),4) -> 0
A64: CS AMURANG | B64: 2-0012322600 | C64: Ria Cell | D64: 531527 | E64: Outlet Regular | F64: =_xlfn.IFNA(INDEX('OSA | 3GB'!J:L,MATCH(DATA!D64,'OSA | 3GB'!J:J,0),2),0) -> 0 | G64: =_xlfn.IFNA(INDEX('OSA | 3GB'!J:L,MATCH(DATA!D64,'OSA | 3GB'!J:J,0),3),0) -> 8000000 | H64: =_xlfn.IFNA(INDEX('OSA | 3GB'!A:C,MATCH(DATA!D64,'OSA | 3GB'!A:A,0),2),0) -> - | I64: =_xlfn.IFNA(INDEX('OSA | 3GB'!A:C,MATCH(DATA!D64,'OSA | 3GB'!A:A,0),3),0) -> 2500000 | J64: =INDEX('BIO WAHYU'!B:G,MATCH(DATA!D64,'BIO WAHYU'!B:B,0),5) -> 3 | K64: =INDEX('BIO WAHYU'!B:G,MATCH(DATA!D64,'BIO WAHYU'!B:B,0),6) -> 0 | L64: =INDEX('BIO WAHYU'!B:H,MATCH(DATA!D64,'BIO WAHYU'!B:B,0),7) -> 0 | M64: =INDEX('BIO WAHYU'!B:H,MATCH(DATA!D64,'BIO WAHYU'!B:B,0),4) -> 0
A65: CS KOTAMOBAGU | B65: 1-136038373036 | C65: Wilra cell | D65: 240352 | E65: Outlet KRO | F65: =_xlfn.IFNA(INDEX('OSA | 3GB'!J:L,MATCH(DATA!D65,'OSA | 3GB'!J:J,0),2),0) -> 3 | G65: =_xlfn.IFNA(INDEX('OSA | 3GB'!J:L,MATCH(DATA!D65,'OSA | 3GB'!J:J,0),3),0) -> 29000000 | H65: =_xlfn.IFNA(INDEX('OSA | 3GB'!A:C,MATCH(DATA!D65,'OSA | 3GB'!A:A,0),2),0) -> - | I65: =_xlfn.IFNA(INDEX('OSA | 3GB'!A:C,MATCH(DATA!D65,'OSA | 3GB'!A:A,0),3),0) -> 11400000 | J65: =INDEX('BIO WAHYU'!B:G,MATCH(DATA!D65,'BIO WAHYU'!B:B,0),5) -> 3 | K65: =INDEX('BIO WAHYU'!B:G,MATCH(DATA!D65,'BIO WAHYU'!B:B,0),6) -> 2 | L65: =INDEX('BIO WAHYU'!B:H,MATCH(DATA!D65,'BIO WAHYU'!B:B,0),7) -> 0 | M65: =INDEX('BIO WAHYU'!B:H,MATCH(DATA!D65,'BIO WAHYU'!B:B,0),4) -> 2
A66: CS KOTAMOBAGU | B66: 2-0012322582 | C66: Zayan Cell | D66: 579541 | E66: Outlet Non-Telco | F66: =_xlfn.IFNA(INDEX('OSA | 3GB'!J:L,MATCH(DATA!D66,'OSA | 3GB'!J:J,0),2),0) -> 3 | G66: =_xlfn.IFNA(INDEX('OSA | 3GB'!J:L,MATCH(DATA!D66,'OSA | 3GB'!J:J,0),3),0) -> 4000000 | H66: =_xlfn.IFNA(INDEX('OSA | 3GB'!A:C,MATCH(DATA!D66,'OSA | 3GB'!A:A,0),2),0) -> - | I66: =_xlfn.IFNA(INDEX('OSA | 3GB'!A:C,MATCH(DATA!D66,'OSA | 3GB'!A:A,0),3),0) -> 1300000 | J66: =INDEX('BIO WAHYU'!B:G,MATCH(DATA!D66,'BIO WAHYU'!B:B,0),5) -> 1 | K66: =INDEX('BIO WAHYU'!B:G,MATCH(DATA!D66,'BIO WAHYU'!B:B,0),6) -> 0 | L66: =INDEX('BIO WAHYU'!B:H,MATCH(DATA!D66,'BIO WAHYU'!B:B,0),7) -> 0 | M66: =INDEX('BIO WAHYU'!B:H,MATCH(DATA!D66,'BIO WAHYU'!B:B,0),4) -> 0
A67: CS NORTH MINAHASA | B67: 1-179956096674 | C67: Rainbow Cell | D67: 12326920 | E67: Outlet Regular | F67: =_xlfn.IFNA(INDEX('OSA | 3GB'!J:L,MATCH(DATA!D67,'OSA | 3GB'!J:J,0),2),0) -> 5 | G67: =_xlfn.IFNA(INDEX('OSA | 3GB'!J:L,MATCH(DATA!D67,'OSA | 3GB'!J:J,0),3),0) -> 29467500 | H67: =_xlfn.IFNA(INDEX('OSA | 3GB'!A:C,MATCH(DATA!D67,'OSA | 3GB'!A:A,0),2),0) -> 125 | I67: =_xlfn.IFNA(INDEX('OSA | 3GB'!A:C,MATCH(DATA!D67,'OSA | 3GB'!A:A,0),3),0) -> 4357500 | J67: =INDEX('BIO WAHYU'!B:G,MATCH(DATA!D67,'BIO WAHYU'!B:B,0),5) -> 3 | K67: =INDEX('BIO WAHYU'!B:G,MATCH(DATA!D67,'BIO WAHYU'!B:B,0),6) -> 11 | L67: =INDEX('BIO WAHYU'!B:H,MATCH(DATA!D67,'BIO WAHYU'!B:B,0),7) -> 8 | M67: =INDEX('BIO WAHYU'!B:H,MATCH(DATA!D67,'BIO WAHYU'!B:B,0),4) -> 0
A68: CS BOLAANG MONGONDOW | B68: 2613051451 | C68: Pogogopita Cell | D68: 12324280 | E68: Outlet Non-Telco | F68: =_xlfn.IFNA(INDEX('OSA | 3GB'!J:L,MATCH(DATA!D68,'OSA | 3GB'!J:J,0),2),0) -> 5 | G68: =_xlfn.IFNA(INDEX('OSA | 3GB'!J:L,MATCH(DATA!D68,'OSA | 3GB'!J:J,0),3),0) -> 100000 | H68: =_xlfn.IFNA(INDEX('OSA | 3GB'!A:C,MATCH(DATA!D68,'OSA | 3GB'!A:A,0),2),0) -> - | I68: =_xlfn.IFNA(INDEX('OSA | 3GB'!A:C,MATCH(DATA!D68,'OSA | 3GB'!A:A,0),3),0) -> - | J68: =INDEX('BIO WAHYU'!B:G,MATCH(DATA!D68,'BIO WAHYU'!B:B,0),5) -> 3 | K68: =INDEX('BIO WAHYU'!B:G,MATCH(DATA!D68,'BIO WAHYU'!B:B,0),6) -> 0 | L68: =INDEX('BIO WAHYU'!B:H,MATCH(DATA!D68,'BIO WAHYU'!B:B,0),7) -> 0 | M68: =INDEX('BIO WAHYU'!B:H,MATCH(DATA!D68,'BIO WAHYU'!B:B,0),4) -> 0
A69: CS TOMOHON | B69: 1-136038372880 | C69: Vicky cell | D69: 3109 | E69: Outlet Regular | F69: =_xlfn.IFNA(INDEX('OSA | 3GB'!J:L,MATCH(DATA!D69,'OSA | 3GB'!J:J,0),2),0) -> 4 | G69: =_xlfn.IFNA(INDEX('OSA | 3GB'!J:L,MATCH(DATA!D69,'OSA | 3GB'!J:J,0),3),0) -> 1500000 | H69: =_xlfn.IFNA(INDEX('OSA | 3GB'!A:C,MATCH(DATA!D69,'OSA | 3GB'!A:A,0),2),0) -> - | I69: =_xlfn.IFNA(INDEX('OSA | 3GB'!A:C,MATCH(DATA!D69,'OSA | 3GB'!A:A,0),3),0) -> 600000 | J69: =INDEX('BIO WAHYU'!B:G,MATCH(DATA!D69,'BIO WAHYU'!B:B,0),5) -> 1 | K69: =INDEX('BIO WAHYU'!B:G,MATCH(DATA!D69,'BIO WAHYU'!B:B,0),6) -> 0 | L69: =INDEX('BIO WAHYU'!B:H,MATCH(DATA!D69,'BIO WAHYU'!B:B,0),7) -> 0 | M69: =INDEX('BIO WAHYU'!B:H,MATCH(DATA!D69,'BIO WAHYU'!B:B,0),4) -> 0
A70: CS NORTH MINAHASA | B70: 1-179957288290 | C70: Promo Cell | D70: 292836 | E70: Outlet Regular | F70: =_xlfn.IFNA(INDEX('OSA | 3GB'!J:L,MATCH(DATA!D70,'OSA | 3GB'!J:J,0),2),0) -> 0 | G70: =_xlfn.IFNA(INDEX('OSA | 3GB'!J:L,MATCH(DATA!D70,'OSA | 3GB'!J:J,0),3),0) -> 700000 | H70: =_xlfn.IFNA(INDEX('OSA | 3GB'!A:C,MATCH(DATA!D70,'OSA | 3GB'!A:A,0),2),0) -> - | I70: =_xlfn.IFNA(INDEX('OSA | 3GB'!A:C,MATCH(DATA!D70,'OSA | 3GB'!A:A,0),3),0) -> 1000000 | J70: =INDEX('BIO WAHYU'!B:G,MATCH(DATA!D70,'BIO WAHYU'!B:B,0),5) -> 0 | K70: =INDEX('BIO WAHYU'!B:G,MATCH(DATA!D70,'BIO WAHYU'!B:B,0),6) -> 0 | L70: =INDEX('BIO WAHYU'!B:H,MATCH(DATA!D70,'BIO WAHYU'!B:B,0),7) -> 0 | M70: =INDEX('BIO WAHYU'!B:H,MATCH(DATA!D70,'BIO WAHYU'!B:B,0),4) -> 0
A71: CS MANADO | B71: 1-28825219539 | C71: RAL CEll | D71: 127223 | E71: Outlet Regular | F71: =_xlfn.IFNA(INDEX('OSA | 3GB'!J:L,MATCH(DATA!D71,'OSA | 3GB'!J:J,0),2),0) -> 0 | G71: =_xlfn.IFNA(INDEX('OSA | 3GB'!J:L,MATCH(DATA!D71,'OSA | 3GB'!J:J,0),3),0) -> 1200000 | H71: =_xlfn.IFNA(INDEX('OSA | 3GB'!A:C,MATCH(DATA!D71,'OSA | 3GB'!A:A,0),2),0) -> - | I71: =_xlfn.IFNA(INDEX('OSA | 3GB'!A:C,MATCH(DATA!D71,'OSA | 3GB'!A:A,0),3),0) -> - | J71: =INDEX('BIO WAHYU'!B:G,MATCH(DATA!D71,'BIO WAHYU'!B:B,0),5) -> 1 | K71: =INDEX('BIO WAHYU'!B:G,MATCH(DATA!D71,'BIO WAHYU'!B:B,0),6) -> 0 | L71: =INDEX('BIO WAHYU'!B:H,MATCH(DATA!D71,'BIO WAHYU'!B:B,0),7) -> 0 | M71: =INDEX('BIO WAHYU'!B:H,MATCH(DATA!D71,'BIO WAHYU'!B:B,0),4) -> 0
A72: CS TOMOHON | B72: 2613051475 | C72: Dean cell | D72: 521902 | E72: Outlet Regular | F72: =_xlfn.IFNA(INDEX('OSA | 3GB'!J:L,MATCH(DATA!D72,'OSA | 3GB'!J:J,0),2),0) -> 0 | G72: =_xlfn.IFNA(INDEX('OSA | 3GB'!J:L,MATCH(DATA!D72,'OSA | 3GB'!J:J,0),3),0) -> 300000 | H72: =_xlfn.IFNA(INDEX('OSA | 3GB'!A:C,MATCH(DATA!D72,'OSA | 3GB'!A:A,0),2),0) -> - | I72: =_xlfn.IFNA(INDEX('OSA | 3GB'!A:C,MATCH(DATA!D72,'OSA | 3GB'!A:A,0),3),0) -> 400000 | J72: =INDEX('BIO WAHYU'!B:G,MATCH(DATA!D72,'BIO WAHYU'!B:B,0),5) -> 1 | K72: =INDEX('BIO WAHYU'!B:G,MATCH(DATA!D72,'BIO WAHYU'!B:B,0),6) -> 0 | L72: =INDEX('BIO WAHYU'!B:H,MATCH(DATA!D72,'BIO WAHYU'!B:B,0),7) -> 0 | M72: =INDEX('BIO WAHYU'!B:H,MATCH(DATA!D72,'BIO WAHYU'!B:B,0),4) -> 0
A73: CS TOMOHON | B73: 1-28825219547 | C73: TERMINAL PULSA | D73: 2587 | E73: Outlet Regular | F73: =_xlfn.IFNA(INDEX('OSA | 3GB'!J:L,MATCH(DATA!D73,'OSA | 3GB'!J:J,0),2),0) -> 2 | G73: =_xlfn.IFNA(INDEX('OSA | 3GB'!J:L,MATCH(DATA!D73,'OSA | 3GB'!J:J,0),3),0) -> 22182354 | H73: =_xlfn.IFNA(INDEX('OSA | 3GB'!A:C,MATCH(DATA!D73,'OSA | 3GB'!A:A,0),2),0) -> - | I73: =_xlfn.IFNA(INDEX('OSA | 3GB'!A:C,MATCH(DATA!D73,'OSA | 3GB'!A:A,0),3),0) -> 10350000 | J73: =INDEX('BIO WAHYU'!B:G,MATCH(DATA!D73,'BIO WAHYU'!B:B,0),5) -> 5 | K73: =INDEX('BIO WAHYU'!B:G,MATCH(DATA!D73,'BIO WAHYU'!B:B,0),6) -> 5 | L73: =INDEX('BIO WAHYU'!B:H,MATCH(DATA!D73,'BIO WAHYU'!B:B,0),7) -> 0 | M73: =INDEX('BIO WAHYU'!B:H,MATCH(DATA!D73,'BIO WAHYU'!B:B,0),4) -> 0
A74: CS BOLAANG MONGONDOW | B74: 2613051043 | C74: PUTRA CELL | D74: 12297183 | E74: Outlet Non-Telco | F74: =_xlfn.IFNA(INDEX('OSA | 3GB'!J:L,MATCH(DATA!D74,'OSA | 3GB'!J:J,0),2),0) -> 10 | G74: =_xlfn.IFNA(INDEX('OSA | 3GB'!J:L,MATCH(DATA!D74,'OSA | 3GB'!J:J,0),3),0) -> 1587000 | H74: =_xlfn.IFNA(INDEX('OSA | 3GB'!A:C,MATCH(DATA!D74,'OSA | 3GB'!A:A,0),2),0) -> - | I74: =_xlfn.IFNA(INDEX('OSA | 3GB'!A:C,MATCH(DATA!D74,'OSA | 3GB'!A:A,0),3),0) -> - | J74: =INDEX('BIO WAHYU'!B:G,MATCH(DATA!D74,'BIO WAHYU'!B:B,0),5) -> 8 | K74: =INDEX('BIO WAHYU'!B:G,MATCH(DATA!D74,'BIO WAHYU'!B:B,0),6) -> 0 | L74: =INDEX('BIO WAHYU'!B:H,MATCH(DATA!D74,'BIO WAHYU'!B:B,0),7) -> 0 | M74: =INDEX('BIO WAHYU'!B:H,MATCH(DATA!D74,'BIO WAHYU'!B:B,0),4) -> 0
A75: CS TOMOHON | B75: 1-136038372984 | C75: angel cell | D75: 492248 | E75: Outlet Regular | F75: =_xlfn.IFNA(INDEX('OSA | 3GB'!J:L,MATCH(DATA!D75,'OSA | 3GB'!J:J,0),2),0) -> 6 | G75: =_xlfn.IFNA(INDEX('OSA | 3GB'!J:L,MATCH(DATA!D75,'OSA | 3GB'!J:J,0),3),0) -> 15706145 | H75: =_xlfn.IFNA(INDEX('OSA | 3GB'!A:C,MATCH(DATA!D75,'OSA | 3GB'!A:A,0),2),0) -> 1 | I75: =_xlfn.IFNA(INDEX('OSA | 3GB'!A:C,MATCH(DATA!D75,'OSA | 3GB'!A:A,0),3),0) -> 6146687 | J75: =INDEX('BIO WAHYU'!B:G,MATCH(DATA!D75,'BIO WAHYU'!B:B,0),5) -> 4 | K75: =INDEX('BIO WAHYU'!B:G,MATCH(DATA!D75,'BIO WAHYU'!B:B,0),6) -> 1 | L75: =INDEX('BIO WAHYU'!B:H,MATCH(DATA!D75,'BIO WAHYU'!B:B,0),7) -> 0 | M75: =INDEX('BIO WAHYU'!B:H,MATCH(DATA!D75,'BIO WAHYU'!B:B,0),4) -> 0
A76: CS TOMOHON | B76: 1-28825219551 | C76: global kilo 7 | D76: 509438 | E76: Outlet Regular | F76: =_xlfn.IFNA(INDEX('OSA | 3GB'!J:L,MATCH(DATA!D76,'OSA | 3GB'!J:J,0),2),0) -> 0 | G76: =_xlfn.IFNA(INDEX('OSA | 3GB'!J:L,MATCH(DATA!D76,'OSA | 3GB'!J:J,0),3),0) -> 200000 | H76: =_xlfn.IFNA(INDEX('OSA | 3GB'!A:C,MATCH(DATA!D76,'OSA | 3GB'!A:A,0),2),0) -> - | I76: =_xlfn.IFNA(INDEX('OSA | 3GB'!A:C,MATCH(DATA!D76,'OSA | 3GB'!A:A,0),3),0) -> 100000 | J76: =INDEX('BIO WAHYU'!B:G,MATCH(DATA!D76,'BIO WAHYU'!B:B,0),5) -> 1 | K76: =INDEX('BIO WAHYU'!B:G,MATCH(DATA!D76,'BIO WAHYU'!B:B,0),6) -> 0 | L76: =INDEX('BIO WAHYU'!B:H,MATCH(DATA!D76,'BIO WAHYU'!B:B,0),7) -> 0 | M76: =INDEX('BIO WAHYU'!B:H,MATCH(DATA!D76,'BIO WAHYU'!B:B,0),4) -> 0
A77: CS KOTAMOBAGU | B77: 2613052584 | C77: Fi3 cell | D77: 12295735 | E77: Outlet Regular | F77: =_xlfn.IFNA(INDEX('OSA | 3GB'!J:L,MATCH(DATA!D77,'OSA | 3GB'!J:J,0),2),0) -> 43 | G77: =_xlfn.IFNA(INDEX('OSA | 3GB'!J:L,MATCH(DATA!D77,'OSA | 3GB'!J:J,0),3),0) -> 641500 | H77: =_xlfn.IFNA(INDEX('OSA | 3GB'!A:C,MATCH(DATA!D77,'OSA | 3GB'!A:A,0),2),0) -> - | I77: =_xlfn.IFNA(INDEX('OSA | 3GB'!A:C,MATCH(DATA!D77,'OSA | 3GB'!A:A,0),3),0) -> - | J77: =INDEX('BIO WAHYU'!B:G,MATCH(DATA!D77,'BIO WAHYU'!B:B,0),5) -> 17 | K77: =INDEX('BIO WAHYU'!B:G,MATCH(DATA!D77,'BIO WAHYU'!B:B,0),6) -> 47 | L77: =INDEX('BIO WAHYU'!B:H,MATCH(DATA!D77,'BIO WAHYU'!B:B,0),7) -> 30 | M77: =INDEX('BIO WAHYU'!B:H,MATCH(DATA!D77,'BIO WAHYU'!B:B,0),4) -> 0
A78: CS KOTAMOBAGU | B78: 2-0012322596 | C78: Denta cell | D78: 579635 | E78: Outlet Non-Telco | F78: =_xlfn.IFNA(INDEX('OSA | 3GB'!J:L,MATCH(DATA!D78,'OSA | 3GB'!J:J,0),2),0) -> 6 | G78: =_xlfn.IFNA(INDEX('OSA | 3GB'!J:L,MATCH(DATA!D78,'OSA | 3GB'!J:J,0),3),0) -> 2950000 | H78: =_xlfn.IFNA(INDEX('OSA | 3GB'!A:C,MATCH(DATA!D78,'OSA | 3GB'!A:A,0),2),0) -> 3 | I78: =_xlfn.IFNA(INDEX('OSA | 3GB'!A:C,MATCH(DATA!D78,'OSA | 3GB'!A:A,0),3),0) -> 1200000 | J78: =INDEX('BIO WAHYU'!B:G,MATCH(DATA!D78,'BIO WAHYU'!B:B,0),5) -> 3 | K78: =INDEX('BIO WAHYU'!B:G,MATCH(DATA!D78,'BIO WAHYU'!B:B,0),6) -> 0 | L78: =INDEX('BIO WAHYU'!B:H,MATCH(DATA!D78,'BIO WAHYU'!B:B,0),7) -> 0 | M78: =INDEX('BIO WAHYU'!B:H,MATCH(DATA!D78,'BIO WAHYU'!B:B,0),4) -> 0
A79: CS AMURANG | B79: 2-0012322492 | C79: Eva Cell | D79: 12303846 | E79: Outlet Regular | F79: =_xlfn.IFNA(INDEX('OSA | 3GB'!J:L,MATCH(DATA!D79,'OSA | 3GB'!J:J,0),2),0) -> 3 | G79: =_xlfn.IFNA(INDEX('OSA | 3GB'!J:L,MATCH(DATA!D79,'OSA | 3GB'!J:J,0),3),0) -> 994000 | H79: =_xlfn.IFNA(INDEX('OSA | 3GB'!A:C,MATCH(DATA!D79,'OSA | 3GB'!A:A,0),2),0) -> - | I79: =_xlfn.IFNA(INDEX('OSA | 3GB'!A:C,MATCH(DATA!D79,'OSA | 3GB'!A:A,0),3),0) -> 900000 | J79: =INDEX('BIO WAHYU'!B:G,MATCH(DATA!D79,'BIO WAHYU'!B:B,0),5) -> 1 | K79: =INDEX('BIO WAHYU'!B:G,MATCH(DATA!D79,'BIO WAHYU'!B:B,0),6) -> 0 | L79: =INDEX('BIO WAHYU'!B:H,MATCH(DATA!D79,'BIO WAHYU'!B:B,0),7) -> 0 | M79: =INDEX('BIO WAHYU'!B:H,MATCH(DATA!D79,'BIO WAHYU'!B:B,0),4) -> 0
A80: CS AMURANG | B80: 2-0012322600 | C80: fiorenza cell | D80: 61609 | E80: Outlet Non-Telco | F80: =_xlfn.IFNA(INDEX('OSA | 3GB'!J:L,MATCH(DATA!D80,'OSA | 3GB'!J:J,0),2),0) -> 97 | G80: =_xlfn.IFNA(INDEX('OSA | 3GB'!J:L,MATCH(DATA!D80,'OSA | 3GB'!J:J,0),3),0) -> 200000 | H80: =_xlfn.IFNA(INDEX('OSA | 3GB'!A:C,MATCH(DATA!D80,'OSA | 3GB'!A:A,0),2),0) -> - | I80: =_xlfn.IFNA(INDEX('OSA | 3GB'!A:C,MATCH(DATA!D80,'OSA | 3GB'!A:A,0),3),0) -> 50000 | J80: =INDEX('BIO WAHYU'!B:G,MATCH(DATA!D80,'BIO WAHYU'!B:B,0),5) -> 4 | K80: =INDEX('BIO WAHYU'!B:G,MATCH(DATA!D80,'BIO WAHYU'!B:B,0),6) -> 2 | L80: =INDEX('BIO WAHYU'!B:H,MATCH(DATA!D80,'BIO WAHYU'!B:B,0),7) -> 0 | M80: =INDEX('BIO WAHYU'!B:H,MATCH(DATA!D80,'BIO WAHYU'!B:B,0),4) -> 0
A81: CS BITUNG | B81: 1-181212542181 | C81: KAIROS CELL | D81: 326560 | E81: Outlet Regular | F81: =_xlfn.IFNA(INDEX('OSA | 3GB'!J:L,MATCH(DATA!D81,'OSA | 3GB'!J:J,0),2),0) -> 0 | G81: =_xlfn.IFNA(INDEX('OSA | 3GB'!J:L,MATCH(DATA!D81,'OSA | 3GB'!J:J,0),3),0) -> 2300000 | H81: =_xlfn.IFNA(INDEX('OSA | 3GB'!A:C,MATCH(DATA!D81,'OSA | 3GB'!A:A,0),2),0) -> - | I81: =_xlfn.IFNA(INDEX('OSA | 3GB'!A:C,MATCH(DATA!D81,'OSA | 3GB'!A:A,0),3),0) -> 2200000 | J81: =INDEX('BIO WAHYU'!B:G,MATCH(DATA!D81,'BIO WAHYU'!B:B,0),5) -> 0 | K81: =INDEX('BIO WAHYU'!B:G,MATCH(DATA!D81,'BIO WAHYU'!B:B,0),6) -> 0 | L81: =INDEX('BIO WAHYU'!B:H,MATCH(DATA!D81,'BIO WAHYU'!B:B,0),7) -> 0 | M81: =INDEX('BIO WAHYU'!B:H,MATCH(DATA!D81,'BIO WAHYU'!B:B,0),4) -> 0
A82: CS AMURANG | B82: 1-172128413157 | C82: F2 Cell | D82: 454102 | E82: Outlet Non-Telco | F82: =_xlfn.IFNA(INDEX('OSA | 3GB'!J:L,MATCH(DATA!D82,'OSA | 3GB'!J:J,0),2),0) -> 10 | G82: =_xlfn.IFNA(INDEX('OSA | 3GB'!J:L,MATCH(DATA!D82,'OSA | 3GB'!J:J,0),3),0) -> 250000 | H82: =_xlfn.IFNA(INDEX('OSA | 3GB'!A:C,MATCH(DATA!D82,'OSA | 3GB'!A:A,0),2),0) -> - | I82: =_xlfn.IFNA(INDEX('OSA | 3GB'!A:C,MATCH(DATA!D82,'OSA | 3GB'!A:A,0),3),0) -> 100000 | J82: =INDEX('BIO WAHYU'!B:G,MATCH(DATA!D82,'BIO WAHYU'!B:B,0),5) -> 1 | K82: =INDEX('BIO WAHYU'!B:G,MATCH(DATA!D82,'BIO WAHYU'!B:B,0),6) -> 0 | L82: =INDEX('BIO WAHYU'!B:H,MATCH(DATA!D82,'BIO WAHYU'!B:B,0),7) -> 0 | M82: =INDEX('BIO WAHYU'!B:H,MATCH(DATA!D82,'BIO WAHYU'!B:B,0),4) -> 0
A83: CS BITUNG | B83: 1-181212542181 | C83: UD CHRISTA | D83: 510915 | E83: Outlet Non-Telco | F83: =_xlfn.IFNA(INDEX('OSA | 3GB'!J:L,MATCH(DATA!D83,'OSA | 3GB'!J:J,0),2),0) -> 0 | G83: =_xlfn.IFNA(INDEX('OSA | 3GB'!J:L,MATCH(DATA!D83,'OSA | 3GB'!J:J,0),3),0) -> 350000 | H83: =_xlfn.IFNA(INDEX('OSA | 3GB'!A:C,MATCH(DATA!D83,'OSA | 3GB'!A:A,0),2),0) -> - | I83: =_xlfn.IFNA(INDEX('OSA | 3GB'!A:C,MATCH(DATA!D83,'OSA | 3GB'!A:A,0),3),0) -> 50000 | J83: =INDEX('BIO WAHYU'!B:G,MATCH(DATA!D83,'BIO WAHYU'!B:B,0),5) -> 1 | K83: =INDEX('BIO WAHYU'!B:G,MATCH(DATA!D83,'BIO WAHYU'!B:B,0),6) -> 0 | L83: =INDEX('BIO WAHYU'!B:H,MATCH(DATA!D83,'BIO WAHYU'!B:B,0),7) -> 0 | M83: =INDEX('BIO WAHYU'!B:H,MATCH(DATA!D83,'BIO WAHYU'!B:B,0),4) -> 0
A84: CS TOMOHON | B84: 1-28825219555 | C84: KIOS IBRANI | D84: 324658 | E84: Outlet Regular | F84: =_xlfn.IFNA(INDEX('OSA | 3GB'!J:L,MATCH(DATA!D84,'OSA | 3GB'!J:J,0),2),0) -> 0 | G84: =_xlfn.IFNA(INDEX('OSA | 3GB'!J:L,MATCH(DATA!D84,'OSA | 3GB'!J:J,0),3),0) -> 129000 | H84: =_xlfn.IFNA(INDEX('OSA | 3GB'!A:C,MATCH(DATA!D84,'OSA | 3GB'!A:A,0),2),0) -> - | I84: =_xlfn.IFNA(INDEX('OSA | 3GB'!A:C,MATCH(DATA!D84,'OSA | 3GB'!A:A,0),3),0) -> - | J84: =INDEX('BIO WAHYU'!B:G,MATCH(DATA!D84,'BIO WAHYU'!B:B,0),5) -> 0 | K84: =INDEX('BIO WAHYU'!B:G,MATCH(DATA!D84,'BIO WAHYU'!B:B,0),6) -> 0 | L84: =INDEX('BIO WAHYU'!B:H,MATCH(DATA!D84,'BIO WAHYU'!B:B,0),7) -> 0 | M84: =INDEX('BIO WAHYU'!B:H,MATCH(DATA!D84,'BIO WAHYU'!B:B,0),4) -> 0
A85: CS MANADO | B85: 2613052222 | C85: Garden Cell | D85: 61542 | E85: Outlet Regular | F85: =_xlfn.IFNA(INDEX('OSA | 3GB'!J:L,MATCH(DATA!D85,'OSA | 3GB'!J:J,0),2),0) -> 3 | G85: =_xlfn.IFNA(INDEX('OSA | 3GB'!J:L,MATCH(DATA!D85,'OSA | 3GB'!J:J,0),3),0) -> 10200000 | H85: =_xlfn.IFNA(INDEX('OSA | 3GB'!A:C,MATCH(DATA!D85,'OSA | 3GB'!A:A,0),2),0) -> - | I85: =_xlfn.IFNA(INDEX('OSA | 3GB'!A:C,MATCH(DATA!D85,'OSA | 3GB'!A:A,0),3),0) -> 4500000 | J85: =INDEX('BIO WAHYU'!B:G,MATCH(DATA!D85,'BIO WAHYU'!B:B,0),5) -> 3 | K85: =INDEX('BIO WAHYU'!B:G,MATCH(DATA!D85,'BIO WAHYU'!B:B,0),6) -> 2 | L85: =INDEX('BIO WAHYU'!B:H,MATCH(DATA!D85,'BIO WAHYU'!B:B,0),7) -> 0 | M85: =INDEX('BIO WAHYU'!B:H,MATCH(DATA!D85,'BIO WAHYU'!B:B,0),4) -> 1
A86: CS BITUNG | B86: 2613050886 | C86: INDO RIAN CELL | D86: 513303 | E86: Outlet Non-Telco | F86: =_xlfn.IFNA(INDEX('OSA | 3GB'!J:L,MATCH(DATA!D86,'OSA | 3GB'!J:J,0),2),0) -> 0 | G86: =_xlfn.IFNA(INDEX('OSA | 3GB'!J:L,MATCH(DATA!D86,'OSA | 3GB'!J:J,0),3),0) -> 3090000 | H86: =_xlfn.IFNA(INDEX('OSA | 3GB'!A:C,MATCH(DATA!D86,'OSA | 3GB'!A:A,0),2),0) -> - | I86: =_xlfn.IFNA(INDEX('OSA | 3GB'!A:C,MATCH(DATA!D86,'OSA | 3GB'!A:A,0),3),0) -> 850000 | J86: =INDEX('BIO WAHYU'!B:G,MATCH(DATA!D86,'BIO WAHYU'!B:B,0),5) -> 0 | K86: =INDEX('BIO WAHYU'!B:G,MATCH(DATA!D86,'BIO WAHYU'!B:B,0),6) -> 0 | L86: =INDEX('BIO WAHYU'!B:H,MATCH(DATA!D86,'BIO WAHYU'!B:B,0),7) -> 0 | M86: =INDEX('BIO WAHYU'!B:H,MATCH(DATA!D86,'BIO WAHYU'!B:B,0),4) -> 0
A87: CS AMURANG | B87: 1-181214637141 | C87: Afdal Cell | D87: 483093 | E87: Outlet Regular | F87: =_xlfn.IFNA(INDEX('OSA | 3GB'!J:L,MATCH(DATA!D87,'OSA | 3GB'!J:J,0),2),0) -> 4 | G87: =_xlfn.IFNA(INDEX('OSA | 3GB'!J:L,MATCH(DATA!D87,'OSA | 3GB'!J:J,0),3),0) -> 1458000 | H87: =_xlfn.IFNA(INDEX('OSA | 3GB'!A:C,MATCH(DATA!D87,'OSA | 3GB'!A:A,0),2),0) -> 2 | I87: =_xlfn.IFNA(INDEX('OSA | 3GB'!A:C,MATCH(DATA!D87,'OSA | 3GB'!A:A,0),3),0) -> 1470000 | J87: =INDEX('BIO WAHYU'!B:G,MATCH(DATA!D87,'BIO WAHYU'!B:B,0),5) -> 4 | K87: =INDEX('BIO WAHYU'!B:G,MATCH(DATA!D87,'BIO WAHYU'!B:B,0),6) -> 1 | L87: =INDEX('BIO WAHYU'!B:H,MATCH(DATA!D87,'BIO WAHYU'!B:B,0),7) -> 0 | M87: =INDEX('BIO WAHYU'!B:H,MATCH(DATA!D87,'BIO WAHYU'!B:B,0),4) -> 0
A88: CS TOMOHON | B88: 1-28825219555 | C88: fandy 2 Cell | D88: 494962 | E88: Outlet Regular | F88: =_xlfn.IFNA(INDEX('OSA | 3GB'!J:L,MATCH(DATA!D88,'OSA | 3GB'!J:J,0),2),0) -> 54 | G88: =_xlfn.IFNA(INDEX('OSA | 3GB'!J:L,MATCH(DATA!D88,'OSA | 3GB'!J:J,0),3),0) -> 11116000 | H88: =_xlfn.IFNA(INDEX('OSA | 3GB'!A:C,MATCH(DATA!D88,'OSA | 3GB'!A:A,0),2),0) -> - | I88: =_xlfn.IFNA(INDEX('OSA | 3GB'!A:C,MATCH(DATA!D88,'OSA | 3GB'!A:A,0),3),0) -> 2500000 | J88: =INDEX('BIO WAHYU'!B:G,MATCH(DATA!D88,'BIO WAHYU'!B:B,0),5) -> 12 | K88: =INDEX('BIO WAHYU'!B:G,MATCH(DATA!D88,'BIO WAHYU'!B:B,0),6) -> 1 | L88: =INDEX('BIO WAHYU'!B:H,MATCH(DATA!D88,'BIO WAHYU'!B:B,0),7) -> 0 | M88: =INDEX('BIO WAHYU'!B:H,MATCH(DATA!D88,'BIO WAHYU'!B:B,0),4) -> 0
A89: CS TOMOHON | B89: 1-28825219551 | C89: Mando Cell | D89: 388 | E89: Outlet Regular | F89: =_xlfn.IFNA(INDEX('OSA | 3GB'!J:L,MATCH(DATA!D89,'OSA | 3GB'!J:J,0),2),0) -> 0 | G89: =_xlfn.IFNA(INDEX('OSA | 3GB'!J:L,MATCH(DATA!D89,'OSA | 3GB'!J:J,0),3),0) -> 250000 | H89: =_xlfn.IFNA(INDEX('OSA | 3GB'!A:C,MATCH(DATA!D89,'OSA | 3GB'!A:A,0),2),0) -> - | I89: =_xlfn.IFNA(INDEX('OSA | 3GB'!A:C,MATCH(DATA!D89,'OSA | 3GB'!A:A,0),3),0) -> 450000 | J89: =INDEX('BIO WAHYU'!B:G,MATCH(DATA!D89,'BIO WAHYU'!B:B,0),5) -> 0 | K89: =INDEX('BIO WAHYU'!B:G,MATCH(DATA!D89,'BIO WAHYU'!B:B,0),6) -> 0 | L89: =INDEX('BIO WAHYU'!B:H,MATCH(DATA!D89,'BIO WAHYU'!B:B,0),7) -> 0 | M89: =INDEX('BIO WAHYU'!B:H,MATCH(DATA!D89,'BIO WAHYU'!B:B,0),4) -> 0
A90: CS MANADO | B90: 1-28825219539 | C90: jingga cell | D90: 521231 | E90: Outlet Regular | F90: =_xlfn.IFNA(INDEX('OSA | 3GB'!J:L,MATCH(DATA!D90,'OSA | 3GB'!J:J,0),2),0) -> 22 | G90: =_xlfn.IFNA(INDEX('OSA | 3GB'!J:L,MATCH(DATA!D90,'OSA | 3GB'!J:J,0),3),0) -> 2310000 | H90: =_xlfn.IFNA(INDEX('OSA | 3GB'!A:C,MATCH(DATA!D90,'OSA | 3GB'!A:A,0),2),0) -> - | I90: =_xlfn.IFNA(INDEX('OSA | 3GB'!A:C,MATCH(DATA!D90,'OSA | 3GB'!A:A,0),3),0) -> 610000 | J90: =INDEX('BIO WAHYU'!B:G,MATCH(DATA!D90,'BIO WAHYU'!B:B,0),5) -> 1 | K90: =INDEX('BIO WAHYU'!B:G,MATCH(DATA!D90,'BIO WAHYU'!B:B,0),6) -> 6 | L90: =INDEX('BIO WAHYU'!B:H,MATCH(DATA!D90,'BIO WAHYU'!B:B,0),7) -> 5 | M90: =INDEX('BIO WAHYU'!B:H,MATCH(DATA!D90,'BIO WAHYU'!B:B,0),4) -> 0
A91: CS AMURANG | B91: 1-181214637141 | C91: BRAYEN CELL | D91: 482760 | E91: Outlet Regular | F91: =_xlfn.IFNA(INDEX('OSA | 3GB'!J:L,MATCH(DATA!D91,'OSA | 3GB'!J:J,0),2),0) -> 7 | G91: =_xlfn.IFNA(INDEX('OSA | 3GB'!J:L,MATCH(DATA!D91,'OSA | 3GB'!J:J,0),3),0) -> 3000000 | H91: =_xlfn.IFNA(INDEX('OSA | 3GB'!A:C,MATCH(DATA!D91,'OSA | 3GB'!A:A,0),2),0) -> 2 | I91: =_xlfn.IFNA(INDEX('OSA | 3GB'!A:C,MATCH(DATA!D91,'OSA | 3GB'!A:A,0),3),0) -> 1570000 | J91: =INDEX('BIO WAHYU'!B:G,MATCH(DATA!D91,'BIO WAHYU'!B:B,0),5) -> 4 | K91: =INDEX('BIO WAHYU'!B:G,MATCH(DATA!D91,'BIO WAHYU'!B:B,0),6) -> 1 | L91: =INDEX('BIO WAHYU'!B:H,MATCH(DATA!D91,'BIO WAHYU'!B:B,0),7) -> 0 | M91: =INDEX('BIO WAHYU'!B:H,MATCH(DATA!D91,'BIO WAHYU'!B:B,0),4) -> 0
A92: CS KOTAMOBAGU | B92: 1-136038373036 | C92: jahira cll | D92: 63885 | E92: Outlet Regular | F92: =_xlfn.IFNA(INDEX('OSA | 3GB'!J:L,MATCH(DATA!D92,'OSA | 3GB'!J:J,0),2),0) -> 46 | G92: =_xlfn.IFNA(INDEX('OSA | 3GB'!J:L,MATCH(DATA!D92,'OSA | 3GB'!J:J,0),3),0) -> 8853500 | H92: =_xlfn.IFNA(INDEX('OSA | 3GB'!A:C,MATCH(DATA!D92,'OSA | 3GB'!A:A,0),2),0) -> 350 | I92: =_xlfn.IFNA(INDEX('OSA | 3GB'!A:C,MATCH(DATA!D92,'OSA | 3GB'!A:A,0),3),0) -> 1920000 | J92: =INDEX('BIO WAHYU'!B:G,MATCH(DATA!D92,'BIO WAHYU'!B:B,0),5) -> 11 | K92: =INDEX('BIO WAHYU'!B:G,MATCH(DATA!D92,'BIO WAHYU'!B:B,0),6) -> 26 | L92: =INDEX('BIO WAHYU'!B:H,MATCH(DATA!D92,'BIO WAHYU'!B:B,0),7) -> 15 | M92: =INDEX('BIO WAHYU'!B:H,MATCH(DATA!D92,'BIO WAHYU'!B:B,0),4) -> 0
A93: CS TOMOHON | B93: 1-136038372906 | C93: A2 CELL | D93: 526575 | E93: Outlet Regular | F93: =_xlfn.IFNA(INDEX('OSA | 3GB'!J:L,MATCH(DATA!D93,'OSA | 3GB'!J:J,0),2),0) -> 0 | G93: =_xlfn.IFNA(INDEX('OSA | 3GB'!J:L,MATCH(DATA!D93,'OSA | 3GB'!J:J,0),3),0) -> 1250000 | H93: =_xlfn.IFNA(INDEX('OSA | 3GB'!A:C,MATCH(DATA!D93,'OSA | 3GB'!A:A,0),2),0) -> - | I93: =_xlfn.IFNA(INDEX('OSA | 3GB'!A:C,MATCH(DATA!D93,'OSA | 3GB'!A:A,0),3),0) -> 600000 | J93: =INDEX('BIO WAHYU'!B:G,MATCH(DATA!D93,'BIO WAHYU'!B:B,0),5) -> 0 | K93: =INDEX('BIO WAHYU'!B:G,MATCH(DATA!D93,'BIO WAHYU'!B:B,0),6) -> 0 | L93: =INDEX('BIO WAHYU'!B:H,MATCH(DATA!D93,'BIO WAHYU'!B:B,0),7) -> 0 | M93: =INDEX('BIO WAHYU'!B:H,MATCH(DATA!D93,'BIO WAHYU'!B:B,0),4) -> 0
A94: CS TOMOHON | B94: 1-136038372906 | C94: Angelica Cell | D94: 559133 | E94: Outlet Regular | F94: =_xlfn.IFNA(INDEX('OSA | 3GB'!J:L,MATCH(DATA!D94,'OSA | 3GB'!J:J,0),2),0) -> 3 | G94: =_xlfn.IFNA(INDEX('OSA | 3GB'!J:L,MATCH(DATA!D94,'OSA | 3GB'!J:J,0),3),0) -> 2700000 | H94: =_xlfn.IFNA(INDEX('OSA | 3GB'!A:C,MATCH(DATA!D94,'OSA | 3GB'!A:A,0),2),0) -> - | I94: =_xlfn.IFNA(INDEX('OSA | 3GB'!A:C,MATCH(DATA!D94,'OSA | 3GB'!A:A,0),3),0) -> 1850000 | J94: =INDEX('BIO WAHYU'!B:G,MATCH(DATA!D94,'BIO WAHYU'!B:B,0),5) -> 0 | K94: =INDEX('BIO WAHYU'!B:G,MATCH(DATA!D94,'BIO WAHYU'!B:B,0),6) -> 0 | L94: =INDEX('BIO WAHYU'!B:H,MATCH(DATA!D94,'BIO WAHYU'!B:B,0),7) -> 0 | M94: =INDEX('BIO WAHYU'!B:H,MATCH(DATA!D94,'BIO WAHYU'!B:B,0),4) -> 0
A95: CS BITUNG | B95: 2613050885 | C95: Dinan cel | D95: 536010 | E95: Outlet Non-Telco | F95: =_xlfn.IFNA(INDEX('OSA | 3GB'!J:L,MATCH(DATA!D95,'OSA | 3GB'!J:J,0),2),0) -> 0 | G95: =_xlfn.IFNA(INDEX('OSA | 3GB'!J:L,MATCH(DATA!D95,'OSA | 3GB'!J:J,0),3),0) -> 0 | H95: =_xlfn.IFNA(INDEX('OSA | 3GB'!A:C,MATCH(DATA!D95,'OSA | 3GB'!A:A,0),2),0) -> - | I95: =_xlfn.IFNA(INDEX('OSA | 3GB'!A:C,MATCH(DATA!D95,'OSA | 3GB'!A:A,0),3),0) -> - | J95: =INDEX('BIO WAHYU'!B:G,MATCH(DATA!D95,'BIO WAHYU'!B:B,0),5) -> 0 | K95: =INDEX('BIO WAHYU'!B:G,MATCH(DATA!D95,'BIO WAHYU'!B:B,0),6) -> 0 | L95: =INDEX('BIO WAHYU'!B:H,MATCH(DATA!D95,'BIO WAHYU'!B:B,0),7) -> 0 | M95: =INDEX('BIO WAHYU'!B:H,MATCH(DATA!D95,'BIO WAHYU'!B:B,0),4) -> 0
A96: CS BITUNG | B96: 2613050886 | C96: Nafa Cell | D96: 547539 | E96: Outlet Non-Telco | F96: =_xlfn.IFNA(INDEX('OSA | 3GB'!J:L,MATCH(DATA!D96,'OSA | 3GB'!J:J,0),2),0) -> 3 | G96: =_xlfn.IFNA(INDEX('OSA | 3GB'!J:L,MATCH(DATA!D96,'OSA | 3GB'!J:J,0),3),0) -> 5350000 | H96: =_xlfn.IFNA(INDEX('OSA | 3GB'!A:C,MATCH(DATA!D96,'OSA | 3GB'!A:A,0),2),0) -> - | I96: =_xlfn.IFNA(INDEX('OSA | 3GB'!A:C,MATCH(DATA!D96,'OSA | 3GB'!A:A,0),3),0) -> 2200000 | J96: =INDEX('BIO WAHYU'!B:G,MATCH(DATA!D96,'BIO WAHYU'!B:B,0),5) -> 2 | K96: =INDEX('BIO WAHYU'!B:G,MATCH(DATA!D96,'BIO WAHYU'!B:B,0),6) -> 0 | L96: =INDEX('BIO WAHYU'!B:H,MATCH(DATA!D96,'BIO WAHYU'!B:B,0),7) -> 0 | M96: =INDEX('BIO WAHYU'!B:H,MATCH(DATA!D96,'BIO WAHYU'!B:B,0),4) -> 1
A97: CS TOMOHON | B97: 1-28825219555 | C97: ACCECORIS CELL | D97: 529246 | E97: Outlet Non-Telco | F97: =_xlfn.IFNA(INDEX('OSA | 3GB'!J:L,MATCH(DATA!D97,'OSA | 3GB'!J:J,0),2),0) -> 0 | G97: =_xlfn.IFNA(INDEX('OSA | 3GB'!J:L,MATCH(DATA!D97,'OSA | 3GB'!J:J,0),3),0) -> 400000 | H97: =_xlfn.IFNA(INDEX('OSA | 3GB'!A:C,MATCH(DATA!D97,'OSA | 3GB'!A:A,0),2),0) -> - | I97: =_xlfn.IFNA(INDEX('OSA | 3GB'!A:C,MATCH(DATA!D97,'OSA | 3GB'!A:A,0),3),0) -> - | J97: =INDEX('BIO WAHYU'!B:G,MATCH(DATA!D97,'BIO WAHYU'!B:B,0),5) -> 0 | K97: =INDEX('BIO WAHYU'!B:G,MATCH(DATA!D97,'BIO WAHYU'!B:B,0),6) -> 1 | L97: =INDEX('BIO WAHYU'!B:H,MATCH(DATA!D97,'BIO WAHYU'!B:B,0),7) -> 1 | M97: =INDEX('BIO WAHYU'!B:H,MATCH(DATA!D97,'BIO WAHYU'!B:B,0),4) -> 0
A98: CS KOTAMOBAGU | B98: 2-0012322582 | C98: indah cell | D98: 211600 | E98: Outlet Non-Telco | F98: =_xlfn.IFNA(INDEX('OSA | 3GB'!J:L,MATCH(DATA!D98,'OSA | 3GB'!J:J,0),2),0) -> 5 | G98: =_xlfn.IFNA(INDEX('OSA | 3GB'!J:L,MATCH(DATA!D98,'OSA | 3GB'!J:J,0),3),0) -> 0 | H98: =_xlfn.IFNA(INDEX('OSA | 3GB'!A:C,MATCH(DATA!D98,'OSA | 3GB'!A:A,0),2),0) -> 3 | I98: =_xlfn.IFNA(INDEX('OSA | 3GB'!A:C,MATCH(DATA!D98,'OSA | 3GB'!A:A,0),3),0) -> - | J98: =INDEX('BIO WAHYU'!B:G,MATCH(DATA!D98,'BIO WAHYU'!B:B,0),5) -> 3 | K98: =INDEX('BIO WAHYU'!B:G,MATCH(DATA!D98,'BIO WAHYU'!B:B,0),6) -> 0 | L98: =INDEX('BIO WAHYU'!B:H,MATCH(DATA!D98,'BIO WAHYU'!B:B,0),7) -> 0 | M98: =INDEX('BIO WAHYU'!B:H,MATCH(DATA!D98,'BIO WAHYU'!B:B,0),4) -> 0
A99: CS MANADO | B99: 1-28825219535 | C99: Member cell | D99: 61653 | E99: Outlet Regular | F99: =_xlfn.IFNA(INDEX('OSA | 3GB'!J:L,MATCH(DATA!D99,'OSA | 3GB'!J:J,0),2),0) -> 6 | G99: =_xlfn.IFNA(INDEX('OSA | 3GB'!J:L,MATCH(DATA!D99,'OSA | 3GB'!J:J,0),3),0) -> 500000 | H99: =_xlfn.IFNA(INDEX('OSA | 3GB'!A:C,MATCH(DATA!D99,'OSA | 3GB'!A:A,0),2),0) -> - | I99: =_xlfn.IFNA(INDEX('OSA | 3GB'!A:C,MATCH(DATA!D99,'OSA | 3GB'!A:A,0),3),0) -> 200000 | J99: =INDEX('BIO WAHYU'!B:G,MATCH(DATA!D99,'BIO WAHYU'!B:B,0),5) -> 1 | K99: =INDEX('BIO WAHYU'!B:G,MATCH(DATA!D99,'BIO WAHYU'!B:B,0),6) -> 2 | L99: =INDEX('BIO WAHYU'!B:H,MATCH(DATA!D99,'BIO WAHYU'!B:B,0),7) -> 1 | M99: =INDEX('BIO WAHYU'!B:H,MATCH(DATA!D99,'BIO WAHYU'!B:B,0),4) -> 0
A100: CS AMURANG | B100: 1-181214637141 | C100: OKE PONSEL | D100: 532091 | E100: Outlet Regular | F100: =_xlfn.IFNA(INDEX('OSA | 3GB'!J:L,MATCH(DATA!D100,'OSA | 3GB'!J:J,0),2),0) -> 4 | G100: =_xlfn.IFNA(INDEX('OSA | 3GB'!J:L,MATCH(DATA!D100,'OSA | 3GB'!J:J,0),3),0) -> 4500000 | H100: =_xlfn.IFNA(INDEX('OSA | 3GB'!A:C,MATCH(DATA!D100,'OSA | 3GB'!A:A,0),2),0) -> - | I100: =_xlfn.IFNA(INDEX('OSA | 3GB'!A:C,MATCH(DATA!D100,'OSA | 3GB'!A:A,0),3),0) -> 1500000 | J100: =INDEX('BIO WAHYU'!B:G,MATCH(DATA!D100,'BIO WAHYU'!B:B,0),5) -> 4 | K100: =INDEX('BIO WAHYU'!B:G,MATCH(DATA!D100,'BIO WAHYU'!B:B,0),6) -> 0 | L100: =INDEX('BIO WAHYU'!B:H,MATCH(DATA!D100,'BIO WAHYU'!B:B,0),7) -> 0 | M100: =INDEX('BIO WAHYU'!B:H,MATCH(DATA!D100,'BIO WAHYU'!B:B,0),4) -> 0
...

Sheet TARGET
A1: TS NAME | B1: SE_NAME | C1: TARGET OSA | D1: Target Sellin SP3GB | E1: Target INCREMENTAL | F1: Target VISIT
A2: CS BITUNG | B2: 2613050885 | C2: 461334292 | D2: 369 | E2: 80 | F2: 20
A3: CS BOLAANG MONGONDOW | B3: 2613051043 | C3: 27846045 | D3: 167 | E3: 80 | F3: 20
A4: CS KOTAMOBAGU | B4: 2613051412 | C4: 90000000 | D4: 80 | E4: 80 | F4: 20
A5: CS BOLAANG MONGONDOW | B5: 2613051451 | C5: 7241838 | D5: 75 | E5: 80 | F5: 20
A6: CS KOTAMOBAGU | B6: 2613052584 | C6: 55000000 | D6: 80 | E6: 80 | F6: 20
A7: CS KOTAMOBAGU | B7: 1-136038373036 | C7: 275000000 | D7: 290 | E7: 80 | F7: 20
A8: CS BOLAANG MONGONDOW | B8: 1-154939061873 | C8: 67061661 | D8: 256 | E8: 80 | F8: 20
A9: CS AMURANG | B9: 1-172128413157 | C9: 115112833 | D9: 282 | E9: 80 | F9: 20
A10: CS NORTH MINAHASA | B10: 1-179956096674 | C10: 177222546 | D10: 102 | E10: 80 | F10: 20
A11: CS NORTH MINAHASA | B11: 1-179957288290 | C11: 248682066 | D11: 112 | E11: 80 | F11: 20
A12: CS NORTH MINAHASA | B12: 1-179957290903 | C12: 376871657 | D12: 472 | E12: 80 | F12: 20
A13: CS BITUNG | B13: 1-181212542181 | C13: 396481429 | D13: 334 | E13: 80 | F13: 20
A14: CS AMURANG | B14: 1-181214637141 | C14: 556339824 | D14: 272 | E14: 80 | F14: 20
A15: CS AMURANG | B15: 2-0012322492 | C15: 113519484 | D15: 282 | E15: 80 | F15: 20
A16: CS BOLAANG MONGONDOW | B16: 2-0012322494 | C16: 23408194 | D16: 239 | E16: 80 | F16: 20
A17: CS KOTAMOBAGU | B17: 2-0012322582 | C17: 235000000 | D17: 350 | E17: 80 | F17: 20
A18: CS KOTAMOBAGU | B18: 2-0012322596 | C18: 128418937 | D18: 379 | E18: 80 | F18: 20
A19: CS BITUNG | B19: 2613050886 | C19: 141407690 | D19: 293 | E19: 80 | F19: 20
A20: CS TOMOHON | B20: 2613051475 | C20: 92771505 | D20: 90 | E20: 80 | F20: 20
A21: CS MANADO | B21: 2613052222 | C21: 106403599 | D21: 350 | E21: 80 | F21: 20
A22: CS MANADO | B22: 1-136031887438 | C22: 239806000 | D22: 302 | E22: 80 | F22: 20
A23: CS MANADO | B23: 1-136031887490 | C23: 200517646 | D23: 206 | E23: 80 | F23: 20
A24: CS TOMOHON | B24: 1-136038372880 | C24: 193855087 | D24: 342 | E24: 80 | F24: 20
A25: CS TOMOHON | B25: 1-136038372906 | C25: 156468032 | D25: 289 | E25: 80 | F25: 20
A26: CS TOMOHON | B26: 1-136038372984 | C26: 130106674 | D26: 305 | E26: 80 | F26: 20
A27: CS MANADO | B27: 1-28825219535 | C27: 237839245 | D27: 190 | E27: 80 | F27: 20
A28: CS MANADO | B28: 1-28825219539 | C28: 280089631 | D28: 230 | E28: 80 | F28: 20
A29: CS MANADO | B29: 1-28825219541 | C29: 174648041 | D29: 209 | E29: 80 | F29: 20
A30: CS TOMOHON | B30: 1-28825219547 | C30: 119093084 | D30: 305 | E30: 80 | F30: 20
A31: CS TOMOHON | B31: 1-28825219551 | C31: 173299298 | D31: 305 | E31: 80 | F31: 20
A32: CS TOMOHON | B32: 1-28825219555 | C32: 296244976 | D32: 420 | E32: 80 | F32: 20
A33: CS AMURANG | B33: 2-0012322591 | C33: 182177546 | D33: 260 | E33: 80 | F33: 20
... A35: CS AMURANG | B35: 2-0012322602 | C35: 63489347 | D35: 250 | E35: 80 | F35: 20

Sheet OSA | 3GB
A1: RETAILER_QR CODE | B1: Sellin Sp 3GB | C1: OSA KPI | D1: Agustus | J1: RETAILER_QR CODE | K1: LMTD Sellin Sp 3GB | L1: LMTD OSA KPI | M1: JULI
A2: 12327959 | B2: 3 | C2: 2350000 | J2: 11201 | K2: 0 | L2: 400000
A3: 12320370 | B3: - | C3: 400000 | J3: 188722 | K3: 3 | L3: 5000000
A4: 12322404 | B4: - | C4: - | J4: 229932 | K4: 3 | L4: 1129000
A5: 188148 | B5: 33 | C5: 2537000 | J5: 240043 | K5: 0 | L5: 7750000
A6: 531889 | B6: - | C6: - | J6: 240378 | K6: 3 | L6: 700000
A7: 61982 | B7: - | C7: - | J7: 240562 | K7: 100 | L7: 4610000
A8: 116871 | B8: 3 | C8: 13029000 | J8: 2827 | K8: 15 | L8: 12500000
A9: 402240 | B9: 2 | C9: 3300000 | J9: 286444 | K9: 107 | L9: 7922875
A10: 127206 | B10: - | C10: 3000000 | J10: 286468 | K10: 3 | L10: 3484000
A11: 12320892 | B11: 6 | C11: 1000000 | J11: 287843 | K11: 3 | L11: 2500000
A12: 545720 | B12: 3 | C12: 650000 | J12: 311393 | K12: 104 | L12: 3027750
A13: 479396 | B13: - | C13: 4000000 | J13: 311453 | K13: 3 | L13: 150000
A14: 329512 | B14: - | C14: 2000000 | J14: 330557 | K14: 4 | L14: 3300000
A15: 12300128 | B15: 4 | C15: 116000 | J15: 330648 | K15: 3 | L15: 1200000
A16: 114982 | B16: - | C16: 200000 | J16: 331841 | K16: 3 | L16: 4700000
A17: 199056 | B17: 2 | C17: 2500000 | J17: 334656 | K17: 3 | L17: 1567250
A18: 440364 | B18: - | C18: 400000 | J18: 344269 | K18: 0 | L18: 0
A19: 228872 | B19: - | C19: 2000000 | J19: 353047 | K19: 3 | L19: 150000
A20: 12320853 | B20: - | C20: - | J20: 362684 | K20: 3 | L20: 100000
A21: 61673 | B21: 3 | C21: 350000 | J21: 364537 | K21: 4 | L21: 1800000
A22: 439681 | B22: 3 | C22: 986000 | J22: 369884 | K22: 0 | L22: 8500000
A23: 405102 | B23: - | C23: - | J23: 385480 | K23: 6 | L23: 2550000
A24: 12326118 | B24: 3 | C24: 911500 | J24: 396064 | K24: 7 | L24: 3150000
A25: 522705 | B25: - | C25: - | J25: 397893 | K25: 18 | L25: 8800000
A26: 534103 | B26: - | C26: 1000000 | J26: 405102 | K26: 3 | L26: 800000
A27: 458924 | B27: - | C27: - | J27: 405461 | K27: 6 | L27: 4347000
A28: 406831 | B28: - | C28: 1200000 | J28: 406768 | K28: 3 | L28: 9500000
A29: 400528 | B29: 3 | C29: - | J29: 413177 | K29: 3 | L29: 529000
A30: 12295826 | B30: - | C30: - | J30: 422918 | K30: 3 | L30: 10000000
A31: 12326939 | B31: - | C31: 2896000 | J31: 424470 | K31: 14 | L31: 2700000
A32: 12295805 | B32: - | C32: - | J32: 468202 | K32: 2 | L32: 1000000
A33: 366731 | B33: 7 | C33: 5030000 | J33: 481538 | K33: 0 | L33: 300000
A34: 375678 | B34: - | C34: 2000000 | J34: 496630 | K34: 0 | L34: 0
A35: 572317 | B35: 99 | C35: 9355000 | J35: 499401 | K35: 70 | L35: 200000
A36: 537259 | B36: - | C36: 1150000 | J36: 513123 | K36: 3 | L36: 2100000
A37: 12297198 | B37: - | C37: - | J37: 513182 | K37: 3 | L37: 2400000
A38: 12295752 | B38: 5 | C38: - | J38: 517666 | K38: 3 | L38: 1200000
A39: 337270 | B39: - | C39: 2800000 | J39: 517908 | K39: 3 | L39: 750000
A40: 61487 | B40: 3 | C40: 100000 | J40: 523362 | K40: 6 | L40: 6050000
A41: 532286 | B41: - | C41: - | J41: 531522 | K41: 3 | L41: 1437500
A42: 328760 | B42: 2 | C42: 558000 | J42: 532249 | K42: 6 | L42: 1129000
A43: 261639 | B43: - | C43: 500000 | J43: 532583 | K43: 1 | L43: 4700000
A44: 489716 | B44: - | C44: - | J44: 534610 | K44: 3 | L44: 1500000
A45: 563913 | B45: 9 | C45: - | J45: 544599 | K45: 3 | L45: 200000
A46: 11164 | B46: - | C46: - | J46: 545535 | K46: 0 | L46: 0
A47: 385886 | B47: - | C47: - | J47: 571265 | K47: 3 | L47: 1700000
A48: 211671 | B48: 83 | C48: 15145000 | J48: 574054 | K48: 3 | L48: 900000
A49: 286665 | B49: - | C49: 450000 | J49: 5981 | K49: 1 | L49: 12500000
A50: 501630 | B50: - | C50: 50000 | J50: 61526 | K50: 36 | L50: 7729000
A51: 396064 | B51: - | C51: 800000 | J51: 61528 | K51: 3 | L51: 1700000
A52: 12323425 | B52: - | C52: 4300000 | J52: 61664 | K52: 3 | L52: 8000000
A53: 201488 | B53: - | C53: 400000 | J53: 61953 | K53: 14 | L53: 4500000
A54: 363660 | B54: - | C54: 1000000 | J54: 62414 | K54: 10 | L54: 5200000
A55: 457300 | B55: - | C55: 1200000 | J55: 7988 | K55: 3 | L55: 37101016
A56: 12322582 | B56: - | C56: - | J56: 11164 | K56: 3 | L56: 350000
A57: 12326196 | B57: 5 | C57: 1534000 | J57: 12295842 | K57: 144 | L57: 2170000
A58: 12327331 | B58: 1 | C58: 29000 | J58: 12303100 | K58: 3 | L58: 200000
A59: 12318984 | B59: - | C59: - | J59: 12303554 | K59: 3 | L59: 450000
A60: 240551 | B60: - | C60: 1000000 | J60: 12312221 | K60: 0 | L60: 0
A61: 224061 | B61: - | C61: 3355000 | J61: 12320323 | K61: 0 | L61: 0
A62: 553329 | B62: - | C62: 200000 | J62: 12323668 | K62: 0 | L62: 50000
A63: 12295897 | B63: - | C63: - | J63: 12327841 | K63: 3 | L63: 250000
A64: 531527 | B64: - | C64: 2500000 | J64: 12329048 | K64: 0 | L64: 50000
A65: 240352 | B65: - | C65: 11400000 | J65: 12332390 | K65: 109 | L65: 150000
A66: 579541 | B66: - | C66: 1300000 | J66: 12334713 | K66: 5 | L66: 900000
A67: 12326920 | B67: 125 | C67: 4357500 | J67: 127119 | K67: 3 | L67: 500000
A68: 12324280 | B68: - | C68: - | J68: 199330 | K68: 2 | L68: 2400000
A69: 3109 | B69: - | C69: 600000 | J69: 211624 | K69: 3 | L69: 350000
A70: 292836 | B70: - | C70: 1000000 | J70: 238651 | K70: 2 | L70: 1000000
A71: 127223 | B71: - | C71: - | J71: 260931 | K71: 3 | L71: 20029000
A72: 521902 | B72: - | C72: 400000 | J72: 278296 | K72: 5 | L72: 7500000
A73: 2587 | B73: - | C73: 10350000 | J73: 325627 | K73: 0 | L73: 0
A74: 12297183 | B74: - | C74: - | J74: 329512 | K74: 0 | L74: 4000000
A75: 492248 | B75: 1 | C75: 6146687 | J75: 329519 | K75: 0 | L75: 8980000
A76: 509438 | B76: - | C76: 100000 | J76: 335803 | K76: 0 | L76: 0
A77: 12295735 | B77: - | C77: - | J77: 344532 | K77: 3 | L77: 1000000
A78: 579635 | B78: 3 | C78: 1200000 | J78: 345394 | K78: 0 | L78: 200000
A79: 12303846 | B79: - | C79: 900000 | J79: 357286 | K79: 10 | L79: 100000
A80: 61609 | B80: - | C80: 50000 | J80: 366718 | K80: 31 | L80: 50320000
A81: 326560 | B81: - | C81: 2200000 | J81: 366731 | K81: 2 | L81: 12534000
A82: 454102 | B82: - | C82: 100000 | J82: 366732 | K82: 17 | L82: 1512500
A83: 510915 | B83: - | C83: 50000 | J83: 370215 | K83: 3 | L83: 1500000
A84: 324658 | B84: - | C84: - | J84: 383700 | K84: 0 | L84: 2200000
A85: 61542 | B85: - | C85: 4500000 | J85: 404684 | K85: 23 | L85: 0
A86: 513303 | B86: - | C86: 850000 | J86: 406040 | K86: 4 | L86: 1800000
A87: 483093 | B87: 2 | C87: 1470000 | J87: 411018 | K87: 6 | L87: 650000
A88: 494962 | B88: - | C88: 2500000 | J88: 418829 | K88: 3 | L88: 0
A89: 388 | B89: - | C89: 450000 | J89: 422569 | K89: 5 | L89: 50000
A90: 521231 | B90: - | C90: 610000 | J90: 458896 | K90: 10 | L90: 850000
A91: 482760 | B91: 2 | C91: 1570000 | J91: 459694 | K91: 9 | L91: 0
A92: 63885 | B92: 350 | C92: 1920000 | J92: 487986 | K92: 3 | L92: 12500000
A93: 526575 | B93: - | C93: 600000 | J93: 531527 | K93: 0 | L93: 8000000
A94: 559133 | B94: - | C94: 1850000 | J94: 536320 | K94: 0 | L94: 450000
A95: 536010 | B95: - | C95: - | J95: 540749 | K95: 0 | L95: 400000
A96: 547539 | B96: - | C96: 2200000 | J96: 553329 | K96: 3 | L96: 400000
A97: 529246 | B97: - | C97: - | J97: 553964 | K97: 0 | L97: 4458000
A98: 211600 | B98: 3 | C98: - | J98: 564427 | K98: 0 | L98: 0
A99: 61653 | B99: - | C99: 200000 | J99: 579115 | K99: 3 | L99: 300000
A100: 532091 | B100: - | C100: 1500000 | J100: 61603 | K100: 1 | L100: 2129000
...

Sheet BIO WAHYU
A1: DSE Code | B1: Outlet Code | C1: Outlet Name | D1: SSO Biometric | E1: Hit 1.5 Jam Outlet Promotor | F1: Baseline | G1: Aug | H1: Incremental | I1: 3pcs | J1: RUS | K1: Selisih
A2: 2613052584 | B2: 12327959 | C2: Putry Yumna cell | D2: 1 | E2: 0 | F2: 3 | G2: 3 | H2: 0 | I2: =IF(G2>=3,1,0) -> 1 | K2: =G2-J2 -> 3
A3: 2-0012322582 | B3: 12320370 | C3: Cacha Cell | D3: 0 | E3: 0 | F3: 3 | G3: 0 | H3: 0 | I3: =IF(G3>=3,1,0) -> 0 | J3: =_xlfn.IFNA(INDEX(M:N,MATCH(B3,M:M,0),2),0) -> 0 | K3: =G3-J3 -> 0
A4: 2613050886 | B4: 12322404 | C4: AW Cell | D4: 1 | E4: 0 | F4: 15 | G4: 2 | H4: 0 | I4: =IF(G4>=3,1,0) -> 0 | J4: =_xlfn.IFNA(INDEX(M:N,MATCH(B4,M:M,0),2),0) -> 0 | K4: =G4-J4 -> 2
A5: 1-181212542181 | B5: 188148 | C5: dewi ling cell | D5: 1 | E5: 0 | F5: 5 | G5: 3 | H5: 0 | I5: =IF(G5>=3,1,0) -> 1 | J5: =_xlfn.IFNA(INDEX(M:N,MATCH(B5,M:M,0),2),0) -> 0 | K5: =G5-J5 -> 3
A6: 1-28825219555 | B6: 531889 | C6: Rerewokan Cell | D6: 1 | E6: 0 | F6: 3 | G6: 5 | H6: 2 | I6: =IF(G6>=3,1,0) -> 1 | J6: =_xlfn.IFNA(INDEX(M:N,MATCH(B6,M:M,0),2),0) -> 0 | K6: =G6-J6 -> 5
A7: 2-0012322492 | B7: 61982 | C7: samuel cell | D7: 0 | E7: 0 | F7: 1 | G7: 0 | H7: 0 | I7: =IF(G7>=3,1,0) -> 0 | J7: =_xlfn.IFNA(INDEX(M:N,MATCH(B7,M:M,0),2),0) -> 0 | K7: =G7-J7 -> 0
A8: 1-179957288290 | B8: 116871 | C8: QALBI CELL | D8: 1 | E8: 1 | F8: 12 | G8: 20 | H8: 8 | I8: =IF(G8>=3,1,0) -> 1 | J8: =_xlfn.IFNA(INDEX(M:N,MATCH(B8,M:M,0),2),0) -> 0 | K8: =G8-J8 -> 20
A9: 2613051475 | B9: 402240 | C9: Yansen Cell | D9: 1 | E9: 0 | F9: 7 | G9: 1 | H9: 0 | I9: =IF(G9>=3,1,0) -> 0 | J9: =_xlfn.IFNA(INDEX(M:N,MATCH(B9,M:M,0),2),0) -> 0 | K9: =G9-J9 -> 1
A10: 2613050886 | B10: 127206 | C10: olive cell | D10: 1 | E10: 0 | F10: 3 | G10: 1 | H10: 0 | I10: =IF(G10>=3,1,0) -> 0 | J10: =_xlfn.IFNA(INDEX(M:N,MATCH(B10,M:M,0),2),0) -> 0 | K10: =G10-J10 -> 1
A11: 1-136038373036 | B11: 12320892 | C11: andika cell | D11: 1 | E11: 0 | F11: 3 | G11: 1 | H11: 0 | I11: =IF(G11>=3,1,0) -> 0 | J11: =_xlfn.IFNA(INDEX(M:N,MATCH(B11,M:M,0),2),0) -> 0 | K11: =G11-J11 -> 1
A12: 2613051412 | B12: 545720 | C12: dans cell | D12: 0 | E12: 0 | F12: 1 | G12: 0 | H12: 0 | I12: =IF(G12>=3,1,0) -> 0 | J12: =_xlfn.IFNA(INDEX(M:N,MATCH(B12,M:M,0),2),0) -> 0 | K12: =G12-J12 -> 0
A13: 1-28825219551 | B13: 479396 | C13: Kios Amoi | D13: 0 | E13: 0 | F13: 0 | G13: 0 | H13: 0 | I13: =IF(G13>=3,1,0) -> 0 | J13: =_xlfn.IFNA(INDEX(M:N,MATCH(B13,M:M,0),2),0) -> 0 | K13: =G13-J13 -> 0
A14: 2-0012322600 | B14: 329512 | C14: FISYA CELL | D14: 0 | E14: 0 | F14: 0 | G14: 0 | H14: 0 | I14: =IF(G14>=3,1,0) -> 0 | J14: =_xlfn.IFNA(INDEX(M:N,MATCH(B14,M:M,0),2),0) -> 0 | K14: =G14-J14 -> 0
A15: 1-136038372880 | B15: 12300128 | C15: GodSpeed | D15: 0 | E15: 0 | F15: 0 | G15: 0 | H15: 0 | I15: =IF(G15>=3,1,0) -> 0 | J15: =_xlfn.IFNA(INDEX(M:N,MATCH(B15,M:M,0),2),0) -> 0 | K15: =G15-J15 -> 0
A16: 2613051475 | B16: 114982 | C16: Veinshi Cell | D16: 0 | E16: 0 | F16: 4 | G16: 0 | H16: 0 | I16: =IF(G16>=3,1,0) -> 0 | J16: =_xlfn.IFNA(INDEX(M:N,MATCH(B16,M:M,0),2),0) -> 0 | K16: =G16-J16 -> 0
A17: 2-0012322602 | B17: 199056 | C17: ramadhan cell | D17: 1 | E17: 0 | F17: 13 | G17: 7 | H17: 0 | I17: =IF(G17>=3,1,0) -> 1 | J17: =_xlfn.IFNA(INDEX(M:N,MATCH(B17,M:M,0),2),0) -> 0 | K17: =G17-J17 -> 7
A18: 1-136038373036 | B18: 440364 | C18: in cell | D18: 0 | E18: 0 | F18: 4 | G18: 0 | H18: 0 | I18: =IF(G18>=3,1,0) -> 0 | J18: =_xlfn.IFNA(INDEX(M:N,MATCH(B18,M:M,0),2),0) -> 0 | K18: =G18-J18 -> 0
A19: 1-179957288290 | B19: 228872 | C19: KLABAT CELL | D19: 0 | E19: 1 | F19: 1 | G19: 0 | H19: 0 | I19: =IF(G19>=3,1,0) -> 0 | J19: =_xlfn.IFNA(INDEX(M:N,MATCH(B19,M:M,0),2),0) -> 0 | K19: =G19-J19 -> 0
A20: 1-179957290903 | B20: 12320853 | C20: Bintang cell | D20: 0 | E20: 0 | F20: 3 | G20: 0 | H20: 0 | I20: =IF(G20>=3,1,0) -> 0 | J20: =_xlfn.IFNA(INDEX(M:N,MATCH(B20,M:M,0),2),0) -> 0 | K20: =G20-J20 -> 0
A21: 1-136038372906 | B21: 61673 | C21: Smile Cell | D21: 0 | E21: 0 | F21: 3 | G21: 0 | H21: 0 | I21: =IF(G21>=3,1,0) -> 0 | J21: =_xlfn.IFNA(INDEX(M:N,MATCH(B21,M:M,0),2),0) -> 0 | K21: =G21-J21 -> 0
A22: 2-0012322596 | B22: 439681 | C22: mey cell | D22: 1 | E22: 0 | F22: 8 | G22: 88 | H22: 80 | I22: =IF(G22>=3,1,0) -> 1 | J22: =_xlfn.IFNA(INDEX(M:N,MATCH(B22,M:M,0),2),0) -> 0 | K22: =G22-J22 -> 88
A23: 2-0012322591 | B23: 405102 | C23: Putri Cell | D23: 1 | E23: 0 | F23: 0 | G23: 1 | H23: 1 | I23: =IF(G23>=3,1,0) -> 0 | J23: =_xlfn.IFNA(INDEX(M:N,MATCH(B23,M:M,0),2),0) -> 0 | K23: =G23-J23 -> 1
A24: 1-179956096674 | B24: 12326118 | C24: TRIPLE M CELL | D24: 1 | E24: 0 | F24: 12 | G24: 4 | H24: 0 | I24: =IF(G24>=3,1,0) -> 1 | J24: =_xlfn.IFNA(INDEX(M:N,MATCH(B24,M:M,0),2),0) -> 0 | K24: =G24-J24 -> 4
A25: 1-28825219551 | B25: 522705 | C25: 2L cell | D25: 0 | E25: 0 | F25: 0 | G25: 0 | H25: 0 | I25: =IF(G25>=3,1,0) -> 0 | J25: =_xlfn.IFNA(INDEX(M:N,MATCH(B25,M:M,0),2),0) -> 0 | K25: =G25-J25 -> 0
A26: 2-0012322602 | B26: 534103 | C26: SEAN CELL | D26: 1 | E26: 0 | F26: 4 | G26: 2 | H26: 0 | I26: =IF(G26>=3,1,0) -> 0 | J26: =_xlfn.IFNA(INDEX(M:N,MATCH(B26,M:M,0),2),0) -> 0 | K26: =G26-J26 -> 2
A27: 2-0012322582 | B27: 458924 | C27: nova cinta | D27: 0 | E27: 0 | F27: 1 | G27: 0 | H27: 0 | I27: =IF(G27>=3,1,0) -> 0 | J27: =_xlfn.IFNA(INDEX(M:N,MATCH(B27,M:M,0),2),0) -> 0 | K27: =G27-J27 -> 0
A28: 1-28825219535 | B28: 406831 | C28: ARINI CELL | D28: 0 | E28: 0 | F28: 2 | G28: 0 | H28: 0 | I28: =IF(G28>=3,1,0) -> 0 | J28: =_xlfn.IFNA(INDEX(M:N,MATCH(B28,M:M,0),2),0) -> 0 | K28: =G28-J28 -> 0
A29: 2613050885 | B29: 400528 | C29: DEWA CELL | D29: 1 | E29: 0 | F29: 1 | G29: 4 | H29: 3 | I29: =IF(G29>=3,1,0) -> 1 | J29: =_xlfn.IFNA(INDEX(M:N,MATCH(B29,M:M,0),2),0) -> 0 | K29: =G29-J29 -> 4
A30: 1-179956096674 | B30: 12295826 | C30: KLABAT JAYA CELL | D30: 0 | E30: 0 | F30: 3 | G30: 0 | H30: 0 | I30: =IF(G30>=3,1,0) -> 0 | J30: =_xlfn.IFNA(INDEX(M:N,MATCH(B30,M:M,0),2),0) -> 0 | K30: =G30-J30 -> 0
A31: 1-28825219539 | B31: 12326939 | C31: Azka Cell | D31: 1 | E31: 0 | F31: 5 | G31: 11 | H31: 6 | I31: =IF(G31>=3,1,0) -> 1 | J31: =_xlfn.IFNA(INDEX(M:N,MATCH(B31,M:M,0),2),0) -> 0 | K31: =G31-J31 -> 11
A32: 2-0012322494 | B32: 12295805 | C32: NAKULA RELOAD 2 | D32: 0 | E32: 0 | F32: 1 | G32: 0 | H32: 0 | I32: =IF(G32>=3,1,0) -> 0 | J32: =_xlfn.IFNA(INDEX(M:N,MATCH(B32,M:M,0),2),0) -> 0 | K32: =G32-J32 -> 0
A33: 2-0012322600 | B33: 366731 | C33: livita celk | D33: 1 | E33: 0 | F33: 11 | G33: 8 | H33: 0 | I33: =IF(G33>=3,1,0) -> 1 | J33: =_xlfn.IFNA(INDEX(M:N,MATCH(B33,M:M,0),2),0) -> 0 | K33: =G33-J33 -> 8
A34: 1-28825219551 | B34: 375678 | C34: RY Cell | D34: 1 | E34: 1 | F34: 7 | G34: 9 | H34: 2 | I34: =IF(G34>=3,1,0) -> 1 | J34: =_xlfn.IFNA(INDEX(M:N,MATCH(B34,M:M,0),2),0) -> 0 | K34: =G34-J34 -> 9
A35: 1-136031887438 | B35: 572317 | C35: perkamil cell | D35: 1 | E35: 0 | F35: 188 | G35: 84 | H35: 0 | I35: =IF(G35>=3,1,0) -> 1 | J35: =_xlfn.IFNA(INDEX(M:N,MATCH(B35,M:M,0),2),0) -> 0 | K35: =G35-J35 -> 84
A36: 2613050886 | B36: 537259 | C36: KIFLY CELL | D36: 1 | E36: 0 | F36: 19 | G36: 7 | H36: 0 | I36: =IF(G36>=3,1,0) -> 1 | J36: =_xlfn.IFNA(INDEX(M:N,MATCH(B36,M:M,0),2),0) -> 0 | K36: =G36-J36 -> 7
A37: 2613051043 | B37: 12297198 | C37: suci cell | D37: 0 | E37: 0 | F37: 0 | G37: 0 | H37: 0 | I37: =IF(G37>=3,1,0) -> 0 | J37: =_xlfn.IFNA(INDEX(M:N,MATCH(B37,M:M,0),2),0) -> 0 | K37: =G37-J37 -> 0
A38: 1-179956096674 | B38: 12295752 | C38: C2w cell | D38: 1 | E38: 0 | F38: 5 | G38: 2 | H38: 0 | I38: =IF(G38>=3,1,0) -> 0 | J38: =_xlfn.IFNA(INDEX(M:N,MATCH(B38,M:M,0),2),0) -> 0 | K38: =G38-J38 -> 2
A39: 1-154939061873 | B39: 337270 | C39: Marzha cell | D39: 0 | E39: 0 | F39: 1 | G39: 0 | H39: 0 | I39: =IF(G39>=3,1,0) -> 0 | J39: =_xlfn.IFNA(INDEX(M:N,MATCH(B39,M:M,0),2),0) -> 0 | K39: =G39-J39 -> 0
A40: 1-28825219547 | B40: 61487 | C40: Asri Cell | D40: 1 | E40: 0 | F40: 2 | G40: 3 | H40: 1 | I40: =IF(G40>=3,1,0) -> 1 | J40: =_xlfn.IFNA(INDEX(M:N,MATCH(B40,M:M,0),2),0) -> 0 | K40: =G40-J40 -> 3
A41: 2613050885 | B41: 532286 | C41: Vinanda cell | D41: 0 | E41: 0 | F41: 0 | G41: 0 | H41: 0 | I41: =IF(G41>=3,1,0) -> 0 | J41: =_xlfn.IFNA(INDEX(M:N,MATCH(B41,M:M,0),2),0) -> 0 | K41: =G41-J41 -> 0
A42: 1-136038372880 | B42: 328760 | C42: Raisel Cell | D42: 0 | E42: 0 | F42: 3 | G42: 0 | H42: 0 | I42: =IF(G42>=3,1,0) -> 0 | J42: =_xlfn.IFNA(INDEX(M:N,MATCH(B42,M:M,0),2),0) -> 0 | K42: =G42-J42 -> 0
A43: 1-136031887438 | B43: 261639 | C43: zeva cell | D43: 0 | E43: 0 | F43: 2 | G43: 0 | H43: 0 | I43: =IF(G43>=3,1,0) -> 0 | J43: =_xlfn.IFNA(INDEX(M:N,MATCH(B43,M:M,0),2),0) -> 0 | K43: =G43-J43 -> 0
A44: 1-154939061873 | B44: 489716 | C44: KANARU CELL | D44: 0 | E44: 0 | F44: 4 | G44: 0 | H44: 0 | I44: =IF(G44>=3,1,0) -> 0 | J44: =_xlfn.IFNA(INDEX(M:N,MATCH(B44,M:M,0),2),0) -> 0 | K44: =G44-J44 -> 0
A45: 2613051475 | B45: 563913 | C45: Gabriel Cell | D45: 1 | E45: 0 | F45: 29 | G45: 3 | H45: 0 | I45: =IF(G45>=3,1,0) -> 1 | J45: =_xlfn.IFNA(INDEX(M:N,MATCH(B45,M:M,0),2),0) -> 0 | K45: =G45-J45 -> 3
A46: 2-0012322600 | B46: 11164 | C46: lisa cell | D46: 1 | E46: 0 | F46: 0 | G46: 3 | H46: 3 | I46: =IF(G46>=3,1,0) -> 1 | J46: =_xlfn.IFNA(INDEX(M:N,MATCH(B46,M:M,0),2),0) -> 0 | K46: =G46-J46 -> 3
A47: 2613050886 | B47: 385886 | C47: Chim cell | D47: 1 | E47: 0 | F47: 12 | G47: 30 | H47: 18 | I47: =IF(G47>=3,1,0) -> 1 | J47: =_xlfn.IFNA(INDEX(M:N,MATCH(B47,M:M,0),2),0) -> 0 | K47: =G47-J47 -> 30
A48: 1-181212542181 | B48: 211671 | C48: Al Qadry Cell | D48: 1 | E48: 3 | F48: 38 | G48: 18 | H48: 0 | I48: =IF(G48>=3,1,0) -> 1 | J48: =_xlfn.IFNA(INDEX(M:N,MATCH(B48,M:M,0),2),0) -> 0 | K48: =G48-J48 -> 18
A49: 2613052584 | B49: 286665 | C49: Bintang cell | D49: 1 | E49: 0 | F49: 7 | G49: 6 | H49: 0 | I49: =IF(G49>=3,1,0) -> 1 | J49: =_xlfn.IFNA(INDEX(M:N,MATCH(B49,M:M,0),2),0) -> 0 | K49: =G49-J49 -> 6
A50: 2-0012322492 | B50: 501630 | C50: nayabi cell | D50: 0 | E50: 0 | F50: 5 | G50: 0 | H50: 0 | I50: =IF(G50>=3,1,0) -> 0 | J50: =_xlfn.IFNA(INDEX(M:N,MATCH(B50,M:M,0),2),0) -> 0 | K50: =G50-J50 -> 0
A51: 2-0012322591 | B51: 396064 | C51: MICHELLE CELL | D51: 1 | E51: 0 | F51: 4 | G51: 1 | H51: 0 | I51: =IF(G51>=3,1,0) -> 0 | J51: =_xlfn.IFNA(INDEX(M:N,MATCH(B51,M:M,0),2),0) -> 0 | K51: =G51-J51 -> 1
A52: 1-28825219551 | B52: 12323425 | C52: ACM Cell | D52: 0 | E52: 1 | F52: 3 | G52: 0 | H52: 0 | I52: =IF(G52>=3,1,0) -> 0 | J52: =_xlfn.IFNA(INDEX(M:N,MATCH(B52,M:M,0),2),0) -> 0 | K52: =G52-J52 -> 0
A53: 2-0012322602 | B53: 201488 | C53: Nanda cell | D53: 0 | E53: 0 | F53: 3 | G53: 0 | H53: 0 | I53: =IF(G53>=3,1,0) -> 0 | J53: =_xlfn.IFNA(INDEX(M:N,MATCH(B53,M:M,0),2),0) -> 0 | K53: =G53-J53 -> 0
A54: 2613052222 | B54: 363660 | C54: AHSANA CELL | D54: 1 | E54: 0 | F54: 3 | G54: 1 | H54: 0 | I54: =IF(G54>=3,1,0) -> 0 | J54: =_xlfn.IFNA(INDEX(M:N,MATCH(B54,M:M,0),2),0) -> 0 | K54: =G54-J54 -> 1
A55: 1-181214637141 | B55: 457300 | C55: Garean Cell | D55: 1 | E55: 0 | F55: 2 | G55: 1 | H55: 0 | I55: =IF(G55>=3,1,0) -> 0 | J55: =_xlfn.IFNA(INDEX(M:N,MATCH(B55,M:M,0),2),0) -> 0 | K55: =G55-J55 -> 1
A56: 1-136038372906 | B56: 12322582 | C56: ELSHADAI CELL | D56: 0 | E56: 0 | F56: 0 | G56: 0 | H56: 0 | I56: =IF(G56>=3,1,0) -> 0 | J56: =_xlfn.IFNA(INDEX(M:N,MATCH(B56,M:M,0),2),0) -> 0 | K56: =G56-J56 -> 0
A57: 2613051412 | B57: 12326196 | C57: gabriela cell | D57: 1 | E57: 0 | F57: 2 | G57: 13 | H57: 11 | I57: =IF(G57>=3,1,0) -> 1 | J57: =_xlfn.IFNA(INDEX(M:N,MATCH(B57,M:M,0),2),0) -> 0 | K57: =G57-J57 -> 13
A58: 1-28825219555 | B58: 12327331 | C58: Christian Cell | D58: 1 | E58: 0 | F58: 0 | G58: 1 | H58: 1 | I58: =IF(G58>=3,1,0) -> 0 | J58: =_xlfn.IFNA(INDEX(M:N,MATCH(B58,M:M,0),2),0) -> 0 | K58: =G58-J58 -> 1
A59: 1-136038372880 | B59: 12318984 | C59: Franko Cell | D59: 0 | E59: 0 | F59: 0 | G59: 0 | H59: 0 | I59: =IF(G59>=3,1,0) -> 0 | J59: =_xlfn.IFNA(INDEX(M:N,MATCH(B59,M:M,0),2),0) -> 0 | K59: =G59-J59 -> 0
A60: 2-0012322582 | B60: 240551 | C60: RC CELLULAR | D60: 0 | E60: 0 | F60: 0 | G60: 0 | H60: 0 | I60: =IF(G60>=3,1,0) -> 0 | J60: =_xlfn.IFNA(INDEX(M:N,MATCH(B60,M:M,0),2),0) -> 0 | K60: =G60-J60 -> 0
A61: 1-136038372906 | B61: 224061 | C61: IVONE CELL | D61: 1 | E61: 0 | F61: 3 | G61: 1 | H61: 0 | I61: =IF(G61>=3,1,0) -> 0 | J61: =_xlfn.IFNA(INDEX(M:N,MATCH(B61,M:M,0),2),0) -> 0 | K61: =G61-J61 -> 1
A62: 2-0012322600 | B62: 553329 | C62: ALGIBRAN CELL | D62: 1 | E62: 0 | F62: 1 | G62: 3 | H62: 2 | I62: =IF(G62>=3,1,0) -> 1 | J62: =_xlfn.IFNA(INDEX(M:N,MATCH(B62,M:M,0),2),0) -> 0 | K62: =G62-J62 -> 3
A63: 1-172128413157 | B63: 12295897 | C63: KARUNIA JAYA | D63: 0 | E63: 0 | F63: 1 | G63: 0 | H63: 0 | I63: =IF(G63>=3,1,0) -> 0 | J63: =_xlfn.IFNA(INDEX(M:N,MATCH(B63,M:M,0),2),0) -> 0 | K63: =G63-J63 -> 0
A64: 2-0012322600 | B64: 531527 | C64: Ria Cell | D64: 0 | E64: 0 | F64: 3 | G64: 0 | H64: 0 | I64: =IF(G64>=3,1,0) -> 0 | J64: =_xlfn.IFNA(INDEX(M:N,MATCH(B64,M:M,0),2),0) -> 0 | K64: =G64-J64 -> 0
A65: 1-136038373036 | B65: 240352 | C65: Wilra cell | D65: 1 | E65: 2 | F65: 3 | G65: 2 | H65: 0 | I65: =IF(G65>=3,1,0) -> 0 | J65: =_xlfn.IFNA(INDEX(M:N,MATCH(B65,M:M,0),2),0) -> 0 | K65: =G65-J65 -> 2
A66: 2-0012322582 | B66: 579541 | C66: Zayan Cell | D66: 0 | E66: 0 | F66: 1 | G66: 0 | H66: 0 | I66: =IF(G66>=3,1,0) -> 0 | J66: =_xlfn.IFNA(INDEX(M:N,MATCH(B66,M:M,0),2),0) -> 0 | K66: =G66-J66 -> 0
A67: 1-179956096674 | B67: 12326920 | C67: Rainbow Cell | D67: 1 | E67: 0 | F67: 3 | G67: 11 | H67: 8 | I67: =IF(G67>=3,1,0) -> 1 | J67: =_xlfn.IFNA(INDEX(M:N,MATCH(B67,M:M,0),2),0) -> 0 | K67: =G67-J67 -> 11
A68: 2613051451 | B68: 12324280 | C68: Pogogopita Cell | D68: 0 | E68: 0 | F68: 3 | G68: 0 | H68: 0 | I68: =IF(G68>=3,1,0) -> 0 | J68: =_xlfn.IFNA(INDEX(M:N,MATCH(B68,M:M,0),2),0) -> 0 | K68: =G68-J68 -> 0
A69: 1-136038372880 | B69: 3109 | C69: Vicky cell | D69: 0 | E69: 0 | F69: 1 | G69: 0 | H69: 0 | I69: =IF(G69>=3,1,0) -> 0 | J69: =_xlfn.IFNA(INDEX(M:N,MATCH(B69,M:M,0),2),0) -> 0 | K69: =G69-J69 -> 0
A70: 1-179957288290 | B70: 292836 | C70: Promo Cell | D70: 0 | E70: 0 | F70: 0 | G70: 0 | H70: 0 | I70: =IF(G70>=3,1,0) -> 0 | J70: =_xlfn.IFNA(INDEX(M:N,MATCH(B70,M:M,0),2),0) -> 0 | K70: =G70-J70 -> 0
A71: 1-28825219539 | B71: 127223 | C71: RAL CEll | D71: 0 | E71: 0 | F71: 1 | G71: 0 | H71: 0 | I71: =IF(G71>=3,1,0) -> 0 | J71: =_xlfn.IFNA(INDEX(M:N,MATCH(B71,M:M,0),2),0) -> 0 | K71: =G71-J71 -> 0
A72: 2613051475 | B72: 521902 | C72: Dean cell | D72: 0 | E72: 0 | F72: 1 | G72: 0 | H72: 0 | I72: =IF(G72>=3,1,0) -> 0 | J72: =_xlfn.IFNA(INDEX(M:N,MATCH(B72,M:M,0),2),0) -> 0 | K72: =G72-J72 -> 0
A73: 1-28825219547 | B73: 2587 | C73: TERMINAL PULSA | D73: 1 | E73: 0 | F73: 5 | G73: 5 | H73: 0 | I73: =IF(G73>=3,1,0) -> 1 | J73: =_xlfn.IFNA(INDEX(M:N,MATCH(B73,M:M,0),2),0) -> 0 | K73: =G73-J73 -> 5
A74: 2613051043 | B74: 12297183 | C74: PUTRA CELL | D74: 0 | E74: 0 | F74: 8 | G74: 0 | H74: 0 | I74: =IF(G74>=3,1,0) -> 0 | J74: =_xlfn.IFNA(INDEX(M:N,MATCH(B74,M:M,0),2),0) -> 0 | K74: =G74-J74 -> 0
A75: 1-136038372984 | B75: 492248 | C75: angel cell | D75: 1 | E75: 0 | F75: 4 | G75: 1 | H75: 0 | I75: =IF(G75>=3,1,0) -> 0 | J75: =_xlfn.IFNA(INDEX(M:N,MATCH(B75,M:M,0),2),0) -> 0 | K75: =G75-J75 -> 1
A76: 1-28825219551 | B76: 509438 | C76: global kilo 7 | D76: 0 | E76: 0 | F76: 1 | G76: 0 | H76: 0 | I76: =IF(G76>=3,1,0) -> 0 | J76: =_xlfn.IFNA(INDEX(M:N,MATCH(B76,M:M,0),2),0) -> 0 | K76: =G76-J76 -> 0
A77: 2613052584 | B77: 12295735 | C77: Fi3 cell | D77: 1 | E77: 0 | F77: 17 | G77: 47 | H77: 30 | I77: =IF(G77>=3,1,0) -> 1 | J77: =_xlfn.IFNA(INDEX(M:N,MATCH(B77,M:M,0),2),0) -> 0 | K77: =G77-J77 -> 47
A78: 2-0012322596 | B78: 579635 | C78: Denta cell | D78: 0 | E78: 0 | F78: 3 | G78: 0 | H78: 0 | I78: =IF(G78>=3,1,0) -> 0 | J78: =_xlfn.IFNA(INDEX(M:N,MATCH(B78,M:M,0),2),0) -> 0 | K78: =G78-J78 -> 0
A79: 2-0012322492 | B79: 12303846 | C79: Eva Cell | D79: 0 | E79: 0 | F79: 1 | G79: 0 | H79: 0 | I79: =IF(G79>=3,1,0) -> 0 | J79: =_xlfn.IFNA(INDEX(M:N,MATCH(B79,M:M,0),2),0) -> 0 | K79: =G79-J79 -> 0
A80: 2-0012322600 | B80: 61609 | C80: fiorenza cell | D80: 1 | E80: 0 | F80: 4 | G80: 2 | H80: 0 | I80: =IF(G80>=3,1,0) -> 0 | J80: =_xlfn.IFNA(INDEX(M:N,MATCH(B80,M:M,0),2),0) -> 0 | K80: =G80-J80 -> 2
A81: 1-181212542181 | B81: 326560 | C81: KAIROS CELL | D81: 0 | E81: 0 | F81: 0 | G81: 0 | H81: 0 | I81: =IF(G81>=3,1,0) -> 0 | J81: =_xlfn.IFNA(INDEX(M:N,MATCH(B81,M:M,0),2),0) -> 0 | K81: =G81-J81 -> 0
A82: 1-172128413157 | B82: 454102 | C82: F2 Cell | D82: 0 | E82: 0 | F82: 1 | G82: 0 | H82: 0 | I82: =IF(G82>=3,1,0) -> 0 | J82: =_xlfn.IFNA(INDEX(M:N,MATCH(B82,M:M,0),2),0) -> 0 | K82: =G82-J82 -> 0
A83: 1-181212542181 | B83: 510915 | C83: UD CHRISTA | D83: 0 | E83: 0 | F83: 1 | G83: 0 | H83: 0 | I83: =IF(G83>=3,1,0) -> 0 | J83: =_xlfn.IFNA(INDEX(M:N,MATCH(B83,M:M,0),2),0) -> 0 | K83: =G83-J83 -> 0
A84: 1-28825219555 | B84: 324658 | C84: KIOS IBRANI | D84: 0 | E84: 0 | F84: 0 | G84: 0 | H84: 0 | I84: =IF(G84>=3,1,0) -> 0 | J84: =_xlfn.IFNA(INDEX(M:N,MATCH(B84,M:M,0),2),0) -> 0 | K84: =G84-J84 -> 0
A85: 2613052222 | B85: 61542 | C85: Garden Cell | D85: 1 | E85: 1 | F85: 3 | G85: 2 | H85: 0 | I85: =IF(G85>=3,1,0) -> 0 | J85: =_xlfn.IFNA(INDEX(M:N,MATCH(B85,M:M,0),2),0) -> 0 | K85: =G85-J85 -> 2
A86: 2613050886 | B86: 513303 | C86: INDO RIAN CELL | D86: 0 | E86: 0 | F86: 0 | G86: 0 | H86: 0 | I86: =IF(G86>=3,1,0) -> 0 | J86: =_xlfn.IFNA(INDEX(M:N,MATCH(B86,M:M,0),2),0) -> 0 | K86: =G86-J86 -> 0
A87: 1-181214637141 | B87: 483093 | C87: Afdal Cell | D87: 1 | E87: 0 | F87: 4 | G87: 1 | H87: 0 | I87: =IF(G87>=3,1,0) -> 0 | J87: =_xlfn.IFNA(INDEX(M:N,MATCH(B87,M:M,0),2),0) -> 0 | K87: =G87-J87 -> 1
A88: 1-28825219555 | B88: 494962 | C88: fandy 2 Cell | D88: 1 | E88: 0 | F88: 12 | G88: 1 | H88: 0 | I88: =IF(G88>=3,1,0) -> 0 | J88: =_xlfn.IFNA(INDEX(M:N,MATCH(B88,M:M,0),2),0) -> 0 | K88: =G88-J88 -> 1
A89: 1-28825219551 | B89: 388 | C89: Mando Cell | D89: 0 | E89: 0 | F89: 0 | G89: 0 | H89: 0 | I89: =IF(G89>=3,1,0) -> 0 | J89: =_xlfn.IFNA(INDEX(M:N,MATCH(B89,M:M,0),2),0) -> 0 | K89: =G89-J89 -> 0
A90: 1-28825219539 | B90: 521231 | C90: jingga cell | D90: 1 | E90: 0 | F90: 1 | G90: 6 | H90: 5 | I90: =IF(G90>=3,1,0) -> 1 | J90: =_xlfn.IFNA(INDEX(M:N,MATCH(B90,M:M,0),2),0) -> 0 | K90: =G90-J90 -> 6
A91: 1-181214637141 | B91: 482760 | C91: BRAYEN CELL | D91: 1 | E91: 0 | F91: 4 | G91: 1 | H91: 0 | I91: =IF(G91>=3,1,0) -> 0 | J91: =_xlfn.IFNA(INDEX(M:N,MATCH(B91,M:M,0),2),0) -> 0 | K91: =G91-J91 -> 1
A92: 1-136038373036 | B92: 63885 | C92: jahira cll | D92: 1 | E92: 0 | F92: 11 | G92: 26 | H92: 15 | I92: =IF(G92>=3,1,0) -> 1 | J92: =_xlfn.IFNA(INDEX(M:N,MATCH(B92,M:M,0),2),0) -> 0 | K92: =G92-J92 -> 26
A93: 1-136038372906 | B93: 526575 | C93: A2 CELL | D93: 0 | E93: 0 | F93: 0 | G93: 0 | H93: 0 | I93: =IF(G93>=3,1,0) -> 0 | J93: =_xlfn.IFNA(INDEX(M:N,MATCH(B93,M:M,0),2),0) -> 0 | K93: =G93-J93 -> 0
A94: 1-136038372906 | B94: 559133 | C94: Angelica Cell | D94: 0 | E94: 0 | F94: 0 | G94: 0 | H94: 0 | I94: =IF(G94>=3,1,0) -> 0 | J94: =_xlfn.IFNA(INDEX(M:N,MATCH(B94,M:M,0),2),0) -> 0 | K94: =G94-J94 -> 0
A95: 2613050885 | B95: 536010 | C95: Dinan cel | D95: 0 | E95: 0 | F95: 0 | G95: 0 | H95: 0 | I95: =IF(G95>=3,1,0) -> 0 | J95: =_xlfn.IFNA(INDEX(M:N,MATCH(B95,M:M,0),2),0) -> 0 | K95: =G95-J95 -> 0
A96: 2613050886 | B96: 547539 | C96: Nafa Cell | D96: 0 | E96: 1 | F96: 2 | G96: 0 | H96: 0 | I96: =IF(G96>=3,1,0) -> 0 | J96: =_xlfn.IFNA(INDEX(M:N,MATCH(B96,M:M,0),2),0) -> 0 | K96: =G96-J96 -> 0
A97: 1-28825219555 | B97: 529246 | C97: ACCECORIS CELL | D97: 1 | E97: 0 | F97: 0 | G97: 1 | H97: 1 | I97: =IF(G97>=3,1,0) -> 0 | J97: =_xlfn.IFNA(INDEX(M:N,MATCH(B97,M:M,0),2),0) -> 0 | K97: =G97-J97 -> 1
A98: 2-0012322582 | B98: 211600 | C98: indah cell | D98: 0 | E98: 0 | F98: 3 | G98: 0 | H98: 0 | I98: =IF(G98>=3,1,0) -> 0 | J98: =_xlfn.IFNA(INDEX(M:N,MATCH(B98,M:M,0),2),0) -> 0 | K98: =G98-J98 -> 0
A99: 1-28825219535 | B99: 61653 | C99: Member cell | D99: 1 | E99: 0 | F99: 1 | G99: 2 | H99: 1 | I99: =IF(G99>=3,1,0) -> 0 | J99: =_xlfn.IFNA(INDEX(M:N,MATCH(B99,M:M,0),2),0) -> 0 | K99: =G99-J99 -> 2
A100: 1-181214637141 | B100: 532091 | C100: OKE PONSEL | D100: 0 | E100: 0 | F100: 4 | G100: 0 | H100: 0 | I100: =IF(G100>=3,1,0) -> 0 | J100: =_xlfn.IFNA(INDEX(M:N,MATCH(B100,M:M,0),2),0) -> 0 | K100: =G100-J100 -> 0
...
